name,radius,mass,ExoRM,Forecaster,ExoRM res,Forecaster res
PH1 b,0.79099,2.2279,1.5451,1.5,0.68274,0.72791
PH2 b,1.0038,4.4053,2.3121,1.8613,2.0932,2.544
XO-7 b,1.1863,2.3535,2.5667,4.5815,0.21321,2.228
XO-1 b,1.1229,2.4564,2.649,2.0635,0.19259,0.39291
K2-3 d,0.18184,0.87506,0.63937,0.46578,0.23569,0.40928
XO-6 b,1.3655,3.1456,2.766,4.7849,0.37963,1.6393
XO-5 b,1.0866,2.5372,2.6919,2.0019,0.15468,0.53537
XO-4 b,1.1735,2.7526,2.5684,4.5669,0.18422,1.8144
XO-3 b,1.1348,3.5737,2.6194,2.0838,0.95432,1.4899
K2-3 c,0.22789,0.51851,0.8044,0.54395,0.28588,0.025436
K2-3 b,0.35984,0.81954,1.0984,0.76797,0.27882,0.051572
K2-32 e,0.083503,0.32222,0.28689,0.28689,0.035328,0.035328
K2-33 b,0.70243,3.0704,1.4397,1.3496,1.6307,1.7208
K2-34 b,1.1799,2.7477,2.5666,4.5742,0.18114,1.8265
WTS-1 b,1.2227,3.1053,2.5796,4.6228,0.52574,1.5175
K2-36 c,0.50515,0.89209,1.2569,1.0147,0.36483,0.12259
K2-32 d,0.53529,1.0128,1.3022,1.0659,0.28939,0.053027
WTS-2 b,1.1841,2.5514,2.5664,4.579,0.014999,2.0275
K2-38 b,0.2188,0.88649,0.77182,0.52852,0.11467,0.35797
K2-39 b,0.79775,1.4564,1.5565,1.5115,0.10004,0.055031
K2-60 b,0.88399,2.1316,1.7415,1.6579,0.3901,0.47373
K2-36 b,0.15534,0.63347,0.54436,0.42077,0.08911,0.21269
K2-32 c,0.47857,1.0828,1.2162,0.96955,0.13342,0.11323
GPX-1 b,1.2169,3.7967,2.5766,4.6162,1.2201,0.81955
K2-31 b,1.0749,2.7511,2.6759,1.982,0.075295,0.76919
K2-30 b,1.0785,2.2723,2.6824,1.9882,0.41011,0.28412
K2-66 b,0.3962,1.3284,1.1204,0.82971,0.20799,0.49867
K2-29 b,1.1251,2.3655,2.6431,2.0673,0.27756,0.29826
K2-27 b,0.64836,1.4639,1.4112,1.2578,0.052698,0.20607
K2-18 b,0.41664,0.93601,1.1327,0.86442,0.19666,0.071596
K2-19 b,0.8451,1.5105,1.6487,1.5918,0.13818,0.081302
K2-19 c,0.65418,1.2014,1.4142,1.2677,0.21277,0.066305
K2-19 d,0.045323,1.0,0.15005,0.15005,0.84995,0.84995
K2-25 b,0.53656,1.3892,1.304,1.068,0.085186,0.32116
K2-24 c,0.89321,1.415,1.7665,1.6735,0.3515,0.25855
K2-24 b,0.75435,1.3222,1.4919,1.4378,0.16966,0.11555
K2-32 b,0.71012,1.2175,1.4457,1.3627,0.22822,0.14519
K2-79 b,0.61172,0.96379,1.3866,1.1956,0.42278,0.23184
K2-38 c,0.38382,0.99564,1.1172,0.80868,0.12158,0.18695
K2-98 b,0.7047,1.5316,1.4414,1.3535,0.090159,0.17809
K2-99 b,1.1602,2.489,2.5782,4.5518,0.089216,2.0629
K2-97 b,1.1668,2.5436,2.5722,4.5594,0.028651,2.0158
K2-12 b,0.38739,0.716,1.1183,0.81475,0.40227,0.09875
KPS-1 b,1.0624,2.5396,2.6431,1.9608,0.10348,0.57883
K2-10 b,0.58433,1.4314,1.3615,1.1491,0.069902,0.28224
K2-138 g,0.479,0.63548,1.2169,0.97029,0.58137,0.3348
K2-139 b,0.95698,2.0899,2.0255,1.7818,0.064444,0.30811
K2-140 b,1.1324,2.4707,2.625,2.0795,0.15435,0.39113
K2-141 b,0.17898,0.70586,0.62909,0.46091,0.076771,0.24495
K2-141 c,0.8451,0.90309,1.6487,1.5918,0.74563,0.68876
K2-146 c,0.34044,0.87448,1.0682,0.73505,0.1937,0.13943
K2-157 b,-0.029188,0.056905,-0.11702,-0.11702,0.17392,0.17392
WASP-7 b,1.1876,2.4934,2.5669,4.5829,0.073449,2.0895
K2-167 b,0.36173,0.81291,1.1006,0.77118,0.28768,0.041729
K2-180 b,0.39199,1.0573,1.1192,0.82256,0.061899,0.23473
WASP-6 b,1.1359,2.2012,2.617,2.0856,0.41584,0.11555
K2-182 b,0.42975,1.301,1.1462,0.88668,0.15484,0.41435
HATS-9 b,1.0769,2.4176,2.6797,1.9854,0.26209,0.43217
HATS-8 b,0.99058,1.6421,2.2229,1.8388,0.58078,0.19677
HATS-7 b,0.80008,1.5814,1.5605,1.5154,0.020909,0.065968
K2-199 b,0.23805,0.83885,0.84081,0.5612,0.0019613,0.27765
HATS-6 b,1.0487,2.006,2.5895,1.9375,0.58349,0.068469
HATS-5 b,1.0096,1.8788,2.3529,1.8711,0.47417,0.0076993
HATS-4 b,1.0582,2.6191,2.6283,1.9536,0.0091564,0.66554
K2-199 c,0.45484,1.0934,1.1811,0.92928,0.087707,0.16414
K2-216 b,0.24304,0.90309,0.8587,0.56967,0.044387,0.33342
K2-222 b,0.37107,0.93952,1.1097,0.78704,0.17022,0.15248
WASP-8 b,1.0658,2.8532,2.6535,1.9665,0.19968,0.8867
K2-138 f,0.463,0.21219,1.193,0.94312,0.98086,0.73093
K2-138 c,0.36154,0.80003,1.1004,0.77086,0.30035,0.029165
K2-138 d,0.3784,0.89873,1.1147,0.79949,0.21601,0.099238
K2-131 b,0.21775,0.79934,0.76805,0.52674,0.031287,0.27261
K2-132 b,1.1635,2.1924,2.5749,4.5556,0.38255,2.3632
K2-136 b,0.006038,0.63347,0.00924,0.00924,0.62423,0.62423
K2-136 c,0.47712,1.2577,1.214,0.9671,0.043643,0.29058
K2-115 b,1.0968,2.4265,2.6941,2.0193,0.26763,0.40722
K2-229 b,0.078094,0.3962,0.26751,0.26751,0.12869,0.12869
K2-114 b,1.0236,2.7694,2.4516,1.8949,0.31774,0.87443
K2-113 b,1.018,2.6128,2.4141,1.8855,0.19866,0.7273
K2-111 b,0.26007,0.72346,0.90009,0.59859,0.17664,0.12486
K2-110 b,0.41363,1.2014,1.1302,0.85931,0.071199,0.34208
K2-138 e,0.5302,1.1129,1.295,1.0572,0.18208,0.055725
K2-108 b,0.72263,1.7738,1.4568,1.3839,0.31703,0.38986
K2-105 b,0.55509,1.4771,1.3284,1.0995,0.14877,0.37764
K2-136 d,0.19451,0.47712,0.68478,0.48729,0.20766,0.01017
K2-100 b,0.58883,1.3385,1.366,1.1568,0.027523,0.1817
HR 858 d,0.30125,0.85126,0.98349,0.6685,0.13223,0.18276
HR 858 c,0.29645,0.57978,0.97336,0.66035,0.39358,0.080566
HR 858 b,0.3019,0.55023,0.98487,0.66961,0.43464,0.11938
HN Peg b,1.071,3.8446,2.6675,1.9754,1.1771,1.8691
POTS-1 b,1.0232,2.8658,2.4487,1.8942,0.41709,0.97161
WASP-5 b,1.1181,2.7162,2.6624,2.0554,0.053831,0.66086
K2-138 b,0.17898,0.49136,0.62909,0.46091,0.13773,0.03045
K2-107 b,1.2079,2.4265,2.5726,4.606,0.14616,2.1796
K2-229 c,0.32634,1.3284,1.0382,0.7111,0.29021,0.61728
pi Men c,0.32428,0.63347,1.0336,0.70761,0.40012,0.074142
K2-233 b,0.12808,1.0515,0.44665,0.37449,0.60489,0.67705
KELT-6 b,1.1214,2.1492,2.6531,2.061,0.50391,0.088185
KELT-7 b,1.2351,2.6094,2.5872,4.6369,0.022223,2.0275
KELT-8 b,1.3191,2.4357,2.6816,4.7322,0.24594,2.2965
KELT-9 b,1.3263,2.9616,2.6932,4.7404,0.26842,1.7788
KOI-12 b,1.2049,3.5022,2.5715,4.6026,0.93069,1.1004
KOI-13 b,1.2291,3.4697,2.5833,4.6301,0.88644,1.1604
WASP-4 b,1.177,2.5991,2.5671,4.5709,0.031958,1.9718
KOI-94 b,0.233,1.0212,0.82271,0.55262,0.19848,0.46856
KOI-94 c,0.63548,1.1931,1.4037,1.236,0.21058,0.042841
KOI-94 d,1.0133,1.9009,2.3801,1.8774,0.47922,0.023502
KOI-94 e,0.78647,0.90816,1.5378,1.4923,0.62968,0.58415
WASP-3 b,1.1957,2.7989,2.5686,4.5922,0.23022,1.7933
KELT-3 b,1.1799,2.6695,2.5666,4.5742,0.10294,1.9047
WASP-2 b,1.0818,2.4397,2.687,1.9937,0.24733,0.44602
NGTS-8 b,1.087,2.4707,2.6922,2.0025,0.22152,0.46814
NGTS-6 b,1.1721,2.629,2.569,4.5654,0.059974,1.9364
NGTS-5 b,1.1049,1.862,2.6878,2.033,0.82578,0.17098
NGTS-4 b,0.50243,1.3139,1.2527,1.0101,0.061184,0.3038
NGTS-2 b,1.2523,2.3714,2.6005,4.6564,0.22903,2.285
NGTS-1 b,1.1734,2.4118,2.5684,4.5669,0.15665,2.1551
WASP-1 b,1.2297,2.465,2.5837,4.6308,0.11862,2.1657
TrES-5 b,1.1266,2.755,2.6392,2.0697,0.1158,0.68532
TrES-4 b,1.3139,2.1959,2.6737,4.7263,0.47773,2.5304
TrES-3 b,1.1675,2.7895,2.5718,4.5602,0.21779,1.7706
TrES-2 b,1.1262,2.5835,2.6402,2.0691,0.05665,0.51443
TrES-1 b,1.0777,2.3784,2.6811,1.9868,0.30269,0.39158
NGTS-9 b,1.079,2.9646,2.6831,1.9889,0.28154,0.97571
PDS 70 b,1.1635,3.4053,2.5749,4.5556,0.83034,1.1503
KELT-1 b,1.0949,3.9372,2.6946,2.0159,1.2427,1.9213
PDS 70 c,1.3592,2.8032,2.7531,4.7777,0.050075,1.9745
K2-233 c,0.10755,1.1075,0.37308,0.33964,0.73447,0.76791
K2-233 d,0.37254,1.3251,1.1109,0.78955,0.21421,0.53556
K2-237 b,1.2671,2.7063,2.6143,4.6732,0.092022,1.9668
K2-238 b,1.1635,2.4367,2.5749,4.5556,0.13825,2.1189
K2-260 b,1.2652,2.7377,2.6124,4.6711,0.12529,1.9333
K2-261 b,0.97899,1.7764,2.15,1.8192,0.37363,0.042809
K2-263 b,0.38202,1.1732,1.1165,0.80563,0.056678,0.36755
K2-265 b,0.23255,0.8658,0.82112,0.55187,0.04469,0.31394
K2-266 b,0.51851,1.0518,1.2777,1.0374,0.2259,0.014465
K2-266 c,-0.15181,-0.53741,-0.55653,-0.55653,0.01912,0.01912
K2-266 d,0.46687,0.94939,1.1988,0.94969,0.24937,0.00030035
K2-266 e,0.43616,1.1553,1.1544,0.89756,0.00094289,0.25778
HATS-3 b,1.1898,2.532,2.5673,4.5854,0.035297,2.0534
K2-280 b,0.87506,1.5694,1.7189,1.6427,0.14948,0.073345
K2-285 b,0.4133,0.98588,1.1299,0.85874,0.14406,0.12713
K2-285 c,0.54777,1.1953,1.319,1.0871,0.12369,0.10829
K2-285 d,0.39445,0.81291,1.1198,0.82674,0.30692,0.01383
K2-285 e,0.29003,1.0294,0.96,0.64946,0.069383,0.37992
K2-287 b,0.97745,2.0005,2.1407,1.8166,0.14021,0.18395
K2-290 b,0.48572,1.0374,1.227,0.9817,0.18959,0.055726
K2-290 c,1.0522,2.3909,2.6045,1.9434,0.2136,0.44753
K2-291 b,0.19921,0.80618,0.7016,0.49526,0.10458,0.31092
K2-292 b,0.41996,1.3892,1.1357,0.87004,0.25349,0.51912
K2-295 b,1.0024,2.0272,2.302,1.8588,0.27476,0.1684
K2-329 b,0.93831,1.9172,1.934,1.7501,0.016789,0.16707
K2-415 b,0.006466,0.87506,0.010774,0.010774,0.86429,0.86429
K2-417 b,0.51983,2.8446,1.2797,1.0396,1.5649,1.805
K2-232 b,1.0741,2.0899,2.6742,1.9806,0.58429,0.10934
HATS-2 b,1.0996,2.6389,2.6928,2.0239,0.053872,0.61504
K2-146 b,0.35218,0.74819,1.088,0.75498,0.33986,0.0067908
GJ 367 b,-0.14388,-0.26281,-0.52808,-0.52808,0.26528,0.26528
XO-2 N b,1.0421,2.255,2.5583,1.9264,0.30324,0.32866
AU Mic c,0.51055,1.1335,1.2654,1.0238,0.13183,0.10969
AU Mic b,0.6236,1.7575,1.3957,1.2158,0.3618,0.54168
55 Cnc e,0.28103,0.90741,0.94157,0.63418,0.034154,0.27323
G 9-40 b,0.27875,0.60206,0.93696,0.63031,0.3349,0.028252
GJ 143 b,0.41664,1.356,1.1327,0.86442,0.22335,0.49161
GJ 341 b,-0.055517,0.60206,-0.21139,-0.21139,0.81345,0.81345
GJ 357 b,0.085291,0.26482,0.2933,0.2933,0.028482,0.028482
DH Tau b,1.4809,3.5436,3.0747,4.9159,0.4689,1.3723
HATS-1 b,1.1642,2.7705,2.5744,4.5564,0.19616,1.7859
GJ 436 b,0.62325,1.3636,1.3954,1.2152,0.031807,0.14842
GJ 486 b,0.11025,0.44248,0.38277,0.34423,0.059709,0.098247
CT Cha b,1.392,3.7326,2.8243,4.815,0.90833,1.0823
GQ Lup b,1.7123,3.9936,4.1193,5.1786,0.12571,1.185
Gaia-2 b,1.1708,2.4144,2.5697,4.5639,0.15527,2.1495
Gaia-1 b,1.1391,2.7275,2.6103,2.091,0.11716,0.63647
GU Psc b,1.1516,3.5553,2.5887,2.1123,0.96652,1.443
GJ 806 b,0.12418,0.27875,0.43268,0.36787,0.15393,0.089121
CoRoT-2 b,1.2154,3.022,2.5759,4.6145,0.44615,1.5925
TOI-169 b,1.0854,2.4004,2.6909,1.9998,0.29055,0.40055
WASP-39 b,1.1741,1.954,2.5681,4.5676,0.61414,2.6136
WASP-38 b,1.087,2.9251,2.6922,2.0025,0.23291,0.92258
WASP-31 b,1.2399,2.1834,2.5906,4.6423,0.40712,2.4589
WASP-32 b,1.0318,2.9222,2.5024,1.9089,0.41973,1.0133
WASP-34 b,1.1359,2.2679,2.617,2.0856,0.34915,0.18225
WASP-35 b,1.1701,2.3479,2.5701,4.5632,0.22215,2.2152
TOI-181 b,0.84235,1.6643,1.6428,1.5872,0.021592,0.07716
WASP-36 b,1.1571,2.8645,2.5816,4.5484,0.28291,1.6839
WASP-37 b,1.114,2.7377,2.6723,2.0484,0.065398,0.68929
KOI-351 g,0.8875,1.3561,1.7507,1.6638,0.39455,0.30771
KOI-351 h,1.0539,2.5814,2.6117,1.9463,0.030276,0.63505
WASP-33 b,1.2746,3.0181,2.6223,4.6817,0.39577,1.6637
HATS-15 b,1.0929,2.8387,2.6946,2.0126,0.14406,0.82604
WASP-23 b,1.0327,2.4486,2.5077,1.9104,0.059027,0.53821
WASP-28 b,1.1356,2.4511,2.6178,2.085,0.16669,0.36609
WASP-18 b,1.1159,3.5205,2.668,2.0516,0.85247,1.4688
NGTS-21 b,1.1734,2.8751,2.5684,4.5669,0.30671,1.6918
NGTS-23 b,1.1523,2.2897,2.5877,2.1135,0.29809,0.17617
NGTS-24 b,1.1338,2.2182,2.6217,2.082,0.40355,0.13622
NGTS-25 b,1.0594,2.3077,2.6329,1.9558,0.32525,0.35194
NGTS-26 b,1.1728,1.9676,2.5687,4.5661,0.60111,2.5986
NGTS-27 b,1.1945,2.2752,2.5683,4.5908,0.29308,2.3155
NGTS-30 b,1.0171,2.4845,2.4076,1.8839,0.076894,0.60057
WASP-29 b,0.93943,1.8896,1.9391,1.752,0.049499,0.13758
NGTS-33 b,1.2644,3.0621,2.6116,4.6702,0.45046,1.6081
TOI-172 b,1.0341,3.2362,2.5154,1.9127,0.72079,1.3235
WASP-20 b,1.2145,1.995,2.5754,4.6135,0.58048,2.6186
WASP-21 b,1.151,1.972,2.5897,2.1112,0.6177,0.13914
WASP-22 b,1.0988,2.2504,2.6932,2.0226,0.44286,0.22783
WASP-41 b,1.1207,2.4921,2.6552,2.0598,0.16314,0.43231
WASP-24 b,1.1635,2.532,2.575,4.5556,0.042994,2.0236
WASP-25 b,1.1454,2.2789,2.5985,2.1018,0.31965,0.17714
WASP-26 b,1.1345,2.5108,2.6201,2.0832,0.10934,0.4276
WASP-19 b,1.1882,2.5685,2.567,4.5836,0.0015387,2.0151
KOI-142 b,0.53631,0.97772,1.3036,1.0676,0.32591,0.089859
WASP-43 b,1.018,2.7526,2.414,1.8855,0.33858,0.86714
CoRoT-3 b,1.0467,3.8291,2.5803,1.9341,1.2488,1.895
WASP-97 b,1.1028,2.6228,2.6902,2.0293,0.067439,0.59342
WASP-96 b,1.1287,2.1924,2.6337,2.0734,0.44132,0.11896
WASP-95 b,1.1395,2.6606,2.6096,2.0916,0.050921,0.56892
GJ 1132 b,0.064458,0.20952,0.21863,0.21863,0.0091158,0.0091158
GJ 1214 b,0.42781,0.81624,1.1439,0.88338,0.32767,0.067138
GJ 1252 b,0.07664,0.12057,0.2623,0.2623,0.14172,0.14172
GJ 3090 b,0.32838,0.52375,1.0428,0.71457,0.51901,0.19082
GJ 3470 b,0.58883,1.0997,1.366,1.1568,0.2663,0.05708
GJ 3473 b,0.10175,0.26951,0.35228,0.32979,0.08277,0.060278
GJ 3929 b,0.037426,0.24304,0.12174,0.12174,0.12129,0.12129
GJ 9827 b,0.20952,0.53403,0.73855,0.51276,0.20452,0.021267
GJ 9827 c,0.093422,0.16137,0.32244,0.31566,0.16108,0.15429
GJ 9827 d,0.30963,0.37107,1.0014,0.68273,0.63037,0.31167
WASP-93 b,1.2529,2.6695,2.6009,4.6571,0.06859,1.9875
WASP-92 b,1.2142,2.408,2.5753,4.6132,0.16731,2.2052
HAT-P-1 b,1.1377,2.2215,2.6132,2.0886,0.39174,0.13288
HAT-P-2 b,1.1129,3.4607,2.6747,2.0465,0.78603,1.4142
WASP-98 b,1.108,2.4669,2.6836,2.0382,0.21668,0.42874
WASP-99 b,1.091,2.9494,2.6942,2.0093,0.25513,0.94008
CoRoT-9 b,1.0653,2.4192,2.6523,1.9658,0.23311,0.45339
CoRoT-8 b,0.84126,1.8407,1.6404,1.5853,0.20026,0.25532
KELT-24 b,1.1541,3.2165,2.5854,2.1164,0.63111,1.1001
WASP-42 b,1.083,2.2011,2.6885,1.9958,0.48736,0.20539
KELT-21 b,1.2499,3.0944,2.5984,4.6537,0.49601,1.5593
KELT-20 b,1.2904,3.0314,2.6409,4.6996,0.39045,1.6683
NGTS-20 b,1.0789,2.9764,2.6831,1.9889,0.29335,0.98753
KELT-18 b,1.2455,2.5741,2.5948,4.6487,0.02071,2.0746
KELT-17 b,1.2328,2.6195,2.5857,4.6343,0.033801,2.0149
HATS-14 b,1.0662,2.5312,2.6547,1.9672,0.12356,0.56397
TOI-163 b,1.2225,2.5886,2.5794,4.6225,0.0091168,2.034
KELT-15 b,1.2088,2.4612,2.573,4.6071,0.11176,2.1458
KELT-12 b,1.3,2.4799,2.6536,4.7105,0.17366,2.2306
KELT-11 b,1.1863,1.7922,2.5667,4.5815,0.77443,2.7893
KELT-10 b,1.1954,2.3341,2.5686,4.5918,0.2345,2.2577
TOI-157 b,1.1588,2.5741,2.5796,4.5503,0.0055553,1.9762
CoRoT-4 b,1.1252,2.3595,2.643,2.0673,0.28345,0.29219
CoRoT-5 b,1.1222,2.1743,2.6511,2.0623,0.47677,0.11201
CoRoT-6 b,1.1163,2.972,2.6671,2.0522,0.30489,0.91978
CoRoT-7 b,0.20003,0.75891,0.70455,0.49665,0.054363,0.26226
KELT-14 b,1.2314,2.5799,2.5847,4.6327,0.0048155,2.0528
NGTS-18 b,1.1324,2.1139,2.625,2.0795,0.51111,0.034372
NGTS-15 b,1.091,2.3778,2.6942,2.0093,0.31639,0.36856
NGTS-16 b,1.1635,2.3263,2.5749,4.5556,0.24862,2.2293
TOI-519 b,1.0624,2.1678,2.6431,1.9608,0.47532,0.20699
TOI-238 c,0.33846,0.82607,1.0643,0.73167,0.23826,0.0944
TOI-530 b,0.96864,2.1043,2.0892,1.8016,0.015027,0.30265
TOI-238 b,0.14675,0.53148,0.51358,0.40619,0.017902,0.12529
TOI-532 b,0.76492,1.7889,1.5059,1.4557,0.28302,0.33315
TOI-544 b,0.30492,0.4609,0.99132,0.67474,0.53042,0.21384
TOI-558 b,1.0854,3.0597,2.6909,1.9998,0.36878,1.0599
TOI-559 b,1.0874,3.2811,2.6925,2.0032,0.58859,1.2779
TOI-561 b,0.16137,0.50515,0.56598,0.43102,0.060829,0.074135
TOI-561 c,0.45909,0.73239,1.1873,0.93649,0.45493,0.20409
TOI-564 b,1.0582,2.6674,2.6283,1.9536,0.039148,0.71384
TOI-615 b,1.2782,2.1407,2.6263,4.6858,0.48565,2.5452
TOI-622 b,0.96549,1.9836,2.0715,1.7963,0.087869,0.18738
TOI-628 b,1.0749,3.3036,2.6759,1.982,0.62775,1.3216
TOI-220 b,0.48144,1.1399,1.2205,0.97444,0.080661,0.16544
TOI-640 b,1.2978,2.4467,2.6506,4.708,0.20392,2.2614
TOI-663 b,0.35603,0.64836,1.0935,0.7615,0.44513,0.11314
TOI-663 c,0.35411,0.56229,1.0908,0.75825,0.52855,0.19596
TOI-663 d,0.2833,0.716,0.94617,0.63803,0.23017,0.077971
TOI-512 b,0.18752,0.55267,0.65972,0.47542,0.10705,0.077251
TOI-244 b,0.18184,0.42813,0.63937,0.46578,0.21123,0.037644
TOI-500 b,0.066699,0.15229,0.22666,0.22666,0.074373,0.074373
TOI-481 b,1.0452,2.6869,2.5733,1.9316,0.11357,0.7553
TOI-332 b,0.50515,1.7574,1.2569,1.0147,0.50047,0.74271
TOI-329 b,0.69378,1.6064,1.4337,1.3349,0.17271,0.27144
TOI-286 c,0.27416,0.57054,0.92774,0.62251,0.35719,0.051966
TOI-286 b,0.15229,0.6561,0.53343,0.4156,0.12266,0.2405
TOI-406 c,0.12057,0.31806,0.41976,0.36176,0.1017,0.043692
TOI-411 b,0.13418,1.137,0.46852,0.38485,0.66852,0.75219
TOI-411 c,0.36698,0.98767,1.1061,0.78011,0.11845,0.20756
TOI-270 d,0.32899,0.67943,1.0441,0.7156,0.3647,0.036176
TOI-270 c,0.37199,0.78888,1.1105,0.78861,0.3216,0.00026576
TOI-669 b,0.41497,0.99123,1.1313,0.86158,0.14005,0.12964
TOI-270 b,0.081347,0.19866,0.27917,0.27917,0.080509,0.080509
TOI-421 b,0.42813,0.85552,1.1443,0.88393,0.28876,0.028411
TOI-421 c,0.70672,1.1492,1.443,1.3569,0.29376,0.20769
TOI-431 b,0.10721,0.48714,0.37186,0.33907,0.11527,0.14807
TOI-431 d,0.5172,0.99564,1.2757,1.0351,0.28009,0.039502
TOI-260 b,0.233,0.62634,0.82271,0.55262,0.19637,0.073715
TOI-257 b,0.85507,1.6421,1.671,1.6088,0.028974,0.033299
TOI-251 b,0.43775,2.5022,1.1566,0.90026,1.3456,1.6019
bet Pic b,1.2253,3.8032,2.581,4.6258,1.2222,0.82259
TOI-480 b,0.45541,1.3181,1.182,0.93024,0.13611,0.38782
TOI-269 b,0.44248,0.94448,1.1633,0.90828,0.21883,0.036198
NGTS-17 b,1.143,2.3853,2.6029,2.0976,0.21761,0.28768
TOI-674 b,0.72016,1.3729,1.4544,1.3797,0.081534,0.0068152
TOI-733 b,0.29929,0.7574,0.97935,0.66518,0.22195,0.092219
WASP-10 b,1.0777,3.0019,2.6811,1.9868,0.3208,1.0151
WASP-11 b,1.0452,2.1942,2.5733,1.9316,0.37916,0.26258
WASP-12 b,1.3283,2.6695,2.6966,4.7427,0.027075,2.0732
WASP-13 b,1.1359,2.0585,2.617,2.0856,0.55851,0.027117
TOI-201 b,1.053,2.1254,2.6081,1.9449,0.48268,0.18058
TOI-199 b,0.95805,1.7326,2.0311,1.7836,0.29847,0.050977
L 168-9 b,0.21219,0.60959,0.74813,0.5173,0.13853,0.092298
L 98-59 b,-0.09691,0.0043214,-0.35975,-0.35975,0.36407,0.36407
WASP-14 b,1.143,3.3824,2.6029,2.0976,0.77954,1.2848
L 98-59 c,0.13033,0.38382,0.45474,0.37833,0.070929,0.0054898
L 98-59 d,0.19866,0.36361,0.69963,0.49432,0.33602,0.13071
WASP-15 b,1.2044,2.2355,2.5713,4.602,0.33579,2.3665
WASP-16 b,1.1352,2.4223,2.6186,2.0844,0.19624,0.33791
NGTS-10 b,1.1306,2.8371,2.6293,2.0765,0.20776,0.76056
NGTS-11 b,0.96179,2.0388,2.0511,1.79,0.012389,0.24879
NGTS-12 b,1.0699,1.8203,2.6648,1.9736,0.84454,0.1533
WASP-17 b,1.3356,2.1807,2.709,4.7509,0.52825,2.5702
NGTS-13 b,1.1072,3.187,2.6847,2.0369,0.50229,1.1501
HAT-P-3 b,0.96708,2.2738,2.0804,1.7989,0.19338,0.47482
CoRoT-1 b,1.2227,2.515,2.5796,4.6228,0.064565,2.1078
TOI-969 b,0.4417,0.95904,1.1622,0.90695,0.20315,0.052089
TOI-954 b,0.98001,1.7427,2.1562,1.8209,0.41346,0.07815
TOI-942 c,0.68061,1.5682,1.4259,1.3126,0.14227,0.25563
TOI-757 b,0.39794,1.0212,1.121,0.83267,0.099829,0.18852
TOI-763 b,0.35793,0.99078,1.096,0.76475,0.10521,0.22604
TOI-763 c,0.41996,0.96942,1.1357,0.87004,0.16626,0.099372
TOI-771 b,0.13354,0.3927,0.46623,0.38377,0.073536,0.0089297
TOI-776 b,0.26717,0.60206,0.91391,0.61065,0.31185,0.0085881
TOI-776 c,0.30535,0.72428,0.99224,0.67547,0.26796,0.048807
TOI-778 b,1.1875,2.9435,2.5669,4.5829,0.37663,1.6394
TOI-782 b,0.4368,1.281,1.1553,0.89864,0.12577,0.38239
TOI-784 b,0.28556,0.98543,0.95078,0.64186,0.034643,0.34356
TOI-677 b,1.1178,2.5935,2.6634,2.0548,0.069879,0.53875
TOI-815 b,0.46835,0.88081,1.2009,0.9522,0.32014,0.071389
TOI-824 b,0.46627,1.2664,1.1979,0.94868,0.068515,0.31771
TOI-836 b,0.23147,0.6561,0.81724,0.55003,0.16114,0.10606
TOI-836 c,0.4128,0.98227,1.1295,0.85789,0.14728,0.12438
TOI-837 b,0.98722,2.0645,2.2012,1.8331,0.13676,0.23132
TOI-849 b,0.5611,1.6212,1.3357,1.1097,0.28549,0.5115
TOI-892 b,1.079,2.4799,2.6831,1.9889,0.20314,0.49104
TOI-905 b,1.1181,2.3263,2.6624,2.0554,0.33609,0.27093
TOI-908 b,0.50325,1.2078,1.254,1.0115,0.046133,0.19637
TOI-942 b,0.68215,2.9172,1.4267,1.3152,1.4904,1.602
TOI-815 c,0.4183,1.3711,1.1341,0.86723,0.23692,0.50383
TOI-132 b,0.53403,1.3502,1.3004,1.0637,0.049801,0.28654
KELT-16 b,1.2003,2.9415,2.57,4.5974,0.37156,1.6559
HATS-47 b,1.0976,2.0692,2.6938,2.0206,0.62459,0.048644
HATS-46 b,1.0053,1.7402,2.3222,1.8638,0.582,0.12352
TOI-178 f,0.35927,0.88762,1.0977,0.76701,0.21005,0.12061
TOI-178 e,0.3438,0.58659,1.0744,0.74075,0.48778,0.15416
TOI-178 d,0.41027,0.47857,1.1277,0.8536,0.64913,0.37503
HD 6061 b,0.38518,1.0,1.1177,0.81101,0.11767,0.18899
HD 5278 b,0.38917,0.89209,1.1186,0.81777,0.22654,0.074325
HATS-71 b,1.0599,2.0704,2.6345,1.9565,0.56406,0.11392
WASP-90 b,1.2618,2.3015,2.609,4.6671,0.30751,2.3656
HATS-49 b,0.93323,2.05,1.9113,1.7415,0.13866,0.3085
TOI-178 c,0.22246,0.67852,0.78493,0.53473,0.10641,0.14379
TOI-178 b,0.061452,0.17609,0.20786,0.20786,0.031767,0.031767
HATS-70 b,1.1907,3.6128,2.5675,4.5865,1.0453,0.97371
HATS-10 b,1.0359,2.2694,2.5254,1.9158,0.25609,0.35358
HAT-P-9 b,1.1894,2.3932,2.5672,4.5851,0.17405,2.1919
HATS-69 b,1.025,2.2634,2.4605,1.8973,0.19717,0.36609
HATS-72 b,0.90834,1.6005,1.8142,1.6992,0.21375,0.098734
HATS-68 b,1.1402,2.6128,2.6082,2.0928,0.0045459,0.51995
HATS-45 b,1.1588,2.3473,2.5796,4.5503,0.23234,2.203
HATS-75 b,0.99602,2.1933,2.2587,1.8481,0.065475,0.3452
WASP-48 b,1.2723,2.4952,2.6198,4.6791,0.12458,2.1839
WASP-49 b,1.128,2.1032,2.6355,2.0722,0.53236,0.030971
Qatar-4 b,1.1046,3.2875,2.6883,2.0324,0.59926,1.2552
Qatar-5 b,1.0937,3.1377,2.6946,2.0139,0.44305,1.1237
Qatar-6 b,1.0757,2.327,2.6774,1.9833,0.35047,0.34362
Qatar-7 b,1.28,2.7764,2.6284,4.6879,0.14797,1.9115
Qatar-8 b,1.1585,2.0716,2.58,4.5499,0.50844,2.4783
Qatar-9 b,1.0535,2.5777,2.6099,1.9456,0.032156,0.63214
HATS-77 b,1.1159,2.6402,2.668,2.0516,0.027855,0.58858
HATS-41 b,1.1734,3.489,2.5684,4.5669,0.92057,1.0779
HATS-42 b,1.1957,2.7764,2.5686,4.5922,0.20771,1.8158
HATS-43 b,1.1214,1.9188,2.6531,2.061,0.7343,0.1422
HATS-44 b,1.0777,2.2504,2.6811,1.9868,0.4307,0.26357
TOI-178 g,0.45788,0.5955,1.1856,0.93443,0.59006,0.33894
HATS-76 b,1.0826,2.922,2.688,1.9951,0.23396,0.92693
WASP-88 b,1.28,2.2581,2.6284,4.6879,0.37032,2.4298
HATS-67 b,1.2762,2.6636,2.624,4.6835,0.039547,2.0199
HD 3167 c,0.47857,0.99123,1.2162,0.96955,0.22498,0.021673
HD 3167 b,0.23045,0.7007,0.81358,0.5483,0.11288,0.1524
WASP-89 b,1.0666,3.2656,2.6559,1.9679,0.6097,1.2977
HATS-59 b,1.1011,2.4085,2.6917,2.0265,0.28315,0.38204
HATS-60 b,1.1114,2.3231,2.6777,2.044,0.35467,0.27909
WASP-55 b,1.1635,2.2588,2.5749,4.5556,0.31611,2.2968
WASP-56 b,1.0878,2.2588,2.6927,2.0039,0.43392,0.25494
WASP-57 b,1.0708,2.3111,2.6668,1.975,0.35575,0.33611
WASP-64 b,1.1537,2.6063,2.5859,2.1158,0.020471,0.49049
WASP-58 b,1.2049,2.489,2.5715,4.6026,0.082534,2.1136
HATS-61 b,1.1269,3.0337,2.6383,2.0703,0.39537,0.96333
HATS-62 b,1.0728,1.755,2.6716,1.9785,0.91652,0.22342
WASP-59 b,0.93887,2.4382,1.9365,1.751,0.50169,0.68715
HATS-64 b,1.2746,2.4845,2.6223,4.6817,0.13783,2.1973
WASP-60 b,0.98408,2.2131,2.1814,1.8278,0.031773,0.38534
WASP-61 b,1.143,2.816,2.6029,2.0976,0.21314,0.71845
WASP-62 b,1.1926,2.2565,2.5679,4.5886,0.31134,2.3321
WASP-65 b,1.0957,2.6925,2.6944,2.0172,0.0019165,0.67527
HATS-57 b,1.1061,3.0001,2.6863,2.035,0.31374,0.96513
HATS-56 b,1.2769,2.2818,2.6249,4.6844,0.34309,2.4026
WASP-54 b,1.2482,2.273,2.597,4.6518,0.32396,2.3787
HATS-66 b,1.1991,3.2289,2.5696,4.596,0.65933,1.3671
WASP-69 b,1.0949,1.9646,2.6946,2.0159,0.72997,0.051349
WASP-68 b,1.1701,2.5356,2.5701,4.5632,0.034442,2.0275
HD 2685 b,1.2079,2.5704,2.5726,4.606,0.0022545,2.0357
WASP-50 b,1.1163,2.6692,2.6671,2.0522,0.0020258,0.61692
WASP-52 b,1.1535,2.1649,2.5861,2.1155,0.42119,0.04948
WASP-67 b,1.0874,2.1107,2.6925,2.0032,0.58177,0.10749
Qatar-3 b,1.0894,3.1367,2.6936,2.0066,0.44306,1.1301
HATS-50 b,1.1026,2.0933,2.6903,2.0291,0.59706,0.06415
WASP-53 b,1.0806,2.831,2.6854,1.9916,0.14554,0.83935
WASP-66 b,1.1957,2.8733,2.5686,4.5922,0.30462,1.7189
HATS-52 b,1.1901,2.8524,2.5673,4.5858,0.2851,1.7333
HATS-53 b,1.1767,2.2767,2.5672,4.5706,0.29052,2.2939
HATS-54 b,1.056,2.379,2.6202,1.95,0.24119,0.42902
HATS-65 b,1.2259,2.4165,2.5814,4.6265,0.16486,2.21
HATS-55 b,1.1468,2.4665,2.5962,2.1041,0.12974,0.36234
HATS-51 b,1.1988,2.3876,2.5695,4.5957,0.18195,2.2081
HATS-63 b,1.1313,2.4845,2.6276,2.0777,0.1431,0.40675
Qatar-2 b,1.1479,2.8991,2.5945,2.1059,0.30457,0.7932
HATS-40 b,1.2482,2.7036,2.597,4.6518,0.10659,1.9482
HAT-P-7 b,1.1773,2.7516,2.5671,4.5713,0.18456,1.8197
WASP-79 b,1.3096,2.428,2.6673,4.7215,0.23925,2.2935
WASP-71 b,1.1214,2.6452,2.6531,2.061,0.0079214,0.58418
WASP-47 e,0.2572,0.83059,0.89457,0.59372,0.063978,0.23687
HAT-P-5 b,1.1479,2.5275,2.5945,2.1059,0.066995,0.42162
HD 1397 b,1.0594,2.0669,2.6329,1.9558,0.56608,0.1111
HATS-33 b,1.1395,2.5785,2.6096,2.0916,0.031166,0.48684
HATS-32 b,1.1461,2.466,2.5974,2.1029,0.13138,0.36305
WASP-78 b,1.3351,2.5475,2.7082,4.7504,0.16066,2.2029
WASP-73 b,1.114,2.7761,2.6723,2.0484,0.1038,0.72769
HATS-31 b,1.2644,2.4467,2.6116,4.6702,0.16496,2.2235
HATS-30 b,1.1196,2.351,2.6584,2.0579,0.30738,0.2931
HATS-12 b,1.1907,2.8806,2.5675,4.5865,0.31312,1.7059
HATS-29 b,1.1468,2.3171,2.5962,2.1041,0.27909,0.21299
HATS-28 b,1.1266,2.3296,2.6392,2.0697,0.30968,0.25983
HATS-27 b,1.2257,2.2265,2.5812,4.6262,0.35476,2.3997
HATS-26 b,1.2926,2.3151,2.6438,4.7022,0.32867,2.3871
HATS-25 b,1.1499,2.2897,2.5913,2.1094,0.3016,0.18025
HATS-24 b,1.1941,2.8563,2.5683,4.5904,0.28805,1.7341
HATS-23 b,1.3191,2.6695,2.6816,4.7322,0.012114,2.0627
WASP-74 b,1.1831,2.3595,2.5664,4.5779,0.20685,2.2183
HATS-22 b,1.0287,2.9399,2.4834,1.9035,0.45652,1.0364
HATS-13 b,1.1331,2.2745,2.6234,2.0808,0.34886,0.19375
HATS-18 b,1.1731,2.7988,2.5685,4.5665,0.23021,1.7678
WASP-75 b,1.1534,2.5328,2.5863,2.1152,0.053532,0.41756
HATS-17 b,0.93999,2.6287,1.9417,1.753,0.68699,0.8757
HATS-16 b,1.1635,3.0167,2.5749,4.5556,0.4418,1.5389
HAT-P-4 b,1.1547,2.3289,2.5845,2.1175,0.25563,0.21136
WASP-76 b,1.3156,2.4612,2.6762,4.7282,0.21493,2.267
HATS-34 b,1.2049,2.4758,2.5715,4.6026,0.095716,2.1268
WASP-80 b,1.0282,2.2457,2.4806,1.9027,0.23496,0.34296
WASP-72 b,1.1534,2.6914,2.5863,2.1152,0.10511,0.5762
TOI-125 d,0.46687,1.1335,1.1988,0.94969,0.06522,0.18385
HAT-P-8 b,1.2257,2.6338,2.5812,4.6262,0.052579,1.9924
WASP-47 d,0.5523,1.1523,1.3248,1.0947,0.17256,0.057546
WASP-47 b,1.1092,2.5729,2.6816,2.0403,0.10872,0.53256
HATS-11 b,1.2219,2.4213,2.5791,4.6219,0.15785,2.2006
WASP-46 b,1.1668,2.8246,2.5722,4.5594,0.25237,1.7348
Qatar-1 b,1.1072,2.6138,2.6847,2.0369,0.070956,0.5769
WASP-45 b,1.114,2.5052,2.6724,2.0484,0.16715,0.4568
WASP-87 b,1.191,2.8407,2.5675,4.5869,0.27311,1.7462
HATS-35 b,1.2151,2.5893,2.5757,4.6142,0.01355,2.0249
WASP-84 c,0.29003,1.1818,0.96,0.64946,0.22184,0.53238
HATS-38 b,0.83774,1.3714,1.6329,1.5793,0.26146,0.20792
WASP-44 b,1.1065,2.4511,2.6858,2.0356,0.23477,0.41549
WASP-84 b,1.0302,2.3424,2.4927,1.9061,0.15028,0.43632
HR 2562 b,1.0949,3.9793,2.6946,2.0159,1.2848,1.9634
WASP-83 b,1.0666,1.9793,2.6559,1.9679,0.67661,0.011404
HATS-39 b,1.2455,2.3015,2.5948,4.6487,0.29325,2.3471
WASP-91 b,1.0624,2.6293,2.6431,1.9608,0.013801,0.66851
TOI-125 c,0.44075,0.82151,1.1608,0.90535,0.33934,0.083837
TOI-125 b,0.43553,0.97772,1.1535,0.89648,0.17581,0.081245
WASP-81 b,1.2046,2.3649,2.5714,4.6023,0.20647,2.2373
HAT-P-6 b,1.1941,2.5287,2.5683,4.5904,0.039524,2.0617
HR 8799 e,1.1178,3.5022,2.6634,2.0548,0.83881,1.4474
WASP-82 b,1.2826,2.5991,2.6314,4.6908,0.032348,2.0917
HR 8799 d,1.1139,3.4771,2.6725,2.0483,0.80462,1.4288
WASP-63 b,1.1988,2.0704,2.5695,4.5957,0.49911,2.5253
HR 8799 c,1.1139,3.4771,2.6725,2.0483,0.80462,1.4288
HATS-36 b,1.1412,3.0095,2.6062,2.0946,0.40332,0.91489
HR 8799 b,1.1139,3.301,2.6725,2.0483,0.62853,1.2527
TOI-216.02,0.88593,1.4771,1.7465,1.6612,0.26941,0.18404
TOI-216.01,1.0527,2.301,2.6067,1.9443,0.30571,0.35673
TOI-2145 b,1.0785,3.2232,2.6824,1.9882,0.54076,1.235
TOI-2107 b,1.1327,2.4213,2.6242,2.0802,0.20293,0.34112
TOI-2154 b,1.2118,2.466,2.5742,4.6105,0.10826,2.1445
TOI-2109 b,1.1789,3.2029,2.5667,4.5731,0.63618,1.3702
TOI-2120 b,0.32675,0.83251,1.0391,0.71179,0.20658,0.12072
TOI-2128 b,0.31989,0.65321,1.0238,0.70015,0.37062,0.046934
TOI-2134 b,0.42975,0.96047,1.1462,0.88668,0.18572,0.073795
TOI-2158 b,1.0318,2.416,2.5024,1.9089,0.086408,0.50711
TOI-1194 b,0.94035,2.0792,1.9433,1.7536,0.13585,0.32562
TOI-1184 b,0.38197,0.83251,1.1165,0.80555,0.28398,0.026956
TOI-2136 b,0.34044,0.80414,1.0682,0.73505,0.26405,0.06909
TOI-2141 b,0.4843,1.3802,1.2249,0.97929,0.15535,0.40092
TOI-1181 b,1.2094,2.5763,2.5732,4.6077,0.0031095,2.0314
TOI-2134 c,0.86153,1.6221,1.6861,1.6198,0.063957,0.0023575
TOI-1296 b,1.1398,1.9764,2.6089,2.0922,0.63253,0.11582
TOI-2180 b,1.0539,2.9423,2.6116,1.9463,0.33066,0.99599
TOI-2498 b,0.78247,1.5393,1.5316,1.4855,0.0077749,0.053805
TOI-2524 b,1.0496,2.3084,2.5933,1.939,0.28497,0.36938
TOI-2525 b,0.93831,1.4265,1.934,1.7501,0.50748,0.32362
TOI-2525 c,1.0057,2.3198,2.3256,1.8646,0.0058711,0.45518
TOI-2529 b,1.0624,2.8714,2.6431,1.9608,0.22831,0.91062
TOI-2537 b,1.0513,2.6185,2.6009,1.9419,0.0176,0.67653
TOI-2567 b,1.0386,1.8054,2.5399,1.9203,0.73456,0.11494
TOI-2570 b,1.1349,2.416,2.6193,2.0838,0.20334,0.33221
TOI-2580 b,1.2399,2.3015,2.5906,4.6423,0.28902,2.3408
TOI-2589 b,1.083,3.0463,2.6885,1.9957,0.35777,1.0505
TOI-2641 b,1.2577,2.0888,2.6053,4.6626,0.51649,2.5738
TOI-2497 b,1.047,3.1852,2.5815,1.9346,0.6037,1.2507
TOI-2669 b,1.2951,2.2875,2.647,4.705,0.35947,2.4174
Kepler-5 b,1.2052,2.8273,2.5716,4.603,0.25567,1.7757
TOI-2796 b,1.2371,2.1456,2.5885,4.6391,0.4429,2.4935
TOI-2818 b,1.1841,2.3535,2.5664,4.579,0.21296,2.2255
TOI-2842 b,1.1088,2.0704,2.6824,2.0395,0.61201,0.030919
TOI-2977 b,1.1192,2.7275,2.6594,2.0573,0.068088,0.67023
TOI-2981 b,1.1271,2.8048,2.6379,2.0706,0.16695,0.73418
TOI-3023 b,1.2157,2.2946,2.576,4.6149,0.28141,2.3203
TOI-3071 b,0.85491,1.8338,1.6707,1.6085,0.16309,0.22527
TOI-3235 b,1.0569,2.325,2.6235,1.9514,0.29845,0.37359
TOI-3261 b,0.58206,1.4814,1.3591,1.1453,0.12232,0.33617
TOI-3321 b,1.192,2.2457,2.5677,4.5879,0.32204,2.3422
TOI-2714 b,1.1374,2.3579,2.614,2.088,0.25604,0.2699
Kepler-8 b,1.1898,2.273,2.5673,4.5854,0.29423,2.3124
TOI-2485 b,1.0842,2.8846,2.6898,1.9978,0.19479,0.88679
TOI-2447 b,0.98255,2.0966,2.1718,1.8252,0.07525,0.27138
TOI-2184 b,1.0569,2.3151,2.6235,1.9514,0.30836,0.36368
TOI-2196 b,0.54531,1.415,1.3158,1.0829,0.099164,0.33211
TOI-2202 b,1.0539,2.4925,2.6116,1.9463,0.11912,0.5462
TOI-2207 b,1.0474,2.3084,2.5835,1.9353,0.27517,0.37308
TOI-2236 b,1.1575,2.7008,2.5812,4.5488,0.11968,1.8479
TOI-2285 b,0.24055,1.29,0.84978,0.56545,0.44025,0.72459
TOI-2295 b,1.2169,2.4442,2.5766,4.6162,0.13236,2.172
Kepler-7 b,1.2596,2.1466,2.607,4.6647,0.46038,2.5181
TOI-2328 b,0.99896,1.7063,2.2786,1.8531,0.57229,0.14675
TOI-2337 b,1.0038,2.7063,2.3121,1.8613,0.39422,0.84501
TOI-2338 b,1.0496,3.2789,2.5933,1.939,0.68555,1.3399
TOI-2458 b,0.45179,1.1242,1.1767,0.92409,0.052514,0.20009
TOI-2364 b,0.93493,1.8544,1.9188,1.7444,0.064402,0.11002
TOI-2368 b,1.035,2.3151,2.5205,1.9142,0.20535,0.40086
TOI-2373 b,1.018,3.4707,2.4141,1.8855,1.0566,1.5852
TOI-2374 b,0.83315,1.7531,1.6233,1.5716,0.12983,0.18157
TOI-2379 b,1.0691,3.2626,2.6627,1.9722,0.59992,1.2905
TOI-2384 b,1.0603,2.7958,2.6359,1.9572,0.15983,0.83858
TOI-2406 b,0.45637,1.1931,1.1833,0.93186,0.0097824,0.26126
TOI-2416 b,0.99405,2.9793,2.2456,1.8447,0.73369,1.1346
TOI-2420 b,1.1767,2.4693,2.5672,4.5706,0.097964,2.1013
TOI-2421 b,1.0157,2.0246,2.3976,1.8815,0.37296,0.14313
Kepler-6 b,1.1648,2.327,2.5738,4.5571,0.24683,2.2302
TOI-2443 b,0.37346,0.68124,1.1116,0.79111,0.43034,0.10987
TOI-2095 c,0.12385,0.86923,0.43151,0.36732,0.43772,0.50191
TOI-2095 b,0.09691,0.61278,0.33495,0.32158,0.27784,0.2912
LHS 1815 b,0.036629,0.19866,0.11888,0.11888,0.079772,0.079772
TOI-2076 d,0.53541,1.4624,1.3024,1.0661,0.16002,0.39635
TOI-1244 b,0.37587,0.81954,1.1132,0.79519,0.29368,0.024353
TOI-1246 b,0.47857,0.90849,1.2162,0.96955,0.30772,0.061068
TOI-1246 c,0.38936,0.95904,1.1187,0.8181,0.15962,0.14094
TOI-1470 c,0.3927,0.85974,1.1194,0.82376,0.25962,0.035975
TOI-1246 d,0.54531,0.72428,1.3158,1.0829,0.59153,0.35859
TOI-1246 e,0.57749,1.1703,1.3543,1.1375,0.18404,0.032754
TOI-1472 b,0.61906,1.2175,1.3923,1.2081,0.17483,0.0094086
TOI-1248 b,0.83305,1.4378,1.6231,1.5714,0.18534,0.13364
TOI-1470 b,0.33846,0.86451,1.0643,0.73167,0.19983,0.13284
TOI-1468 c,0.31471,0.82217,1.0125,0.69136,0.1903,0.13081
TOI-1775 b,0.90565,1.9823,1.8051,1.6947,0.17716,0.28762
TOI-1260 b,0.36922,0.9345,1.1082,0.7839,0.17367,0.1506
TOI-1260 c,0.45025,1.0719,1.1745,0.92148,0.10259,0.15041
TOI-1260 d,0.49415,1.0734,1.2399,0.99602,0.16655,0.077334
TOI-1249 b,0.51468,1.0755,1.2718,1.0309,0.1963,0.044673
TOI-1478 b,1.0789,2.4467,2.6831,1.9889,0.23638,0.4578
TOI-150.01,1.1482,2.9019,2.5939,2.1065,0.30793,0.7954
TOI-1235 b,0.24005,0.83948,0.84799,0.5646,0.008514,0.27488
TOI-1685 b,0.23045,0.57749,0.81358,0.5483,0.23609,0.029191
TOI-1801 b,0.31785,0.75876,1.0194,0.6967,0.2606,0.062064
TOI-1670 c,1.0439,2.3015,2.567,1.9293,0.26543,0.37219
TOI-1670 b,0.31387,1.6161,1.0106,0.68993,0.6055,0.92621
TOI-1669 c,0.36105,1.1139,1.0998,0.77003,0.014138,0.34391
TOI-1634 b,0.25285,0.69108,0.88628,0.58634,0.1952,0.10474
TOI-1799 b,0.15302,0.60206,0.53605,0.41684,0.066009,0.18522
TOI-1789 b,1.2079,2.3473,2.5726,4.606,0.22534,2.2588
TOI-1794 b,0.51812,0.93952,1.2771,1.0367,0.33762,0.097188
SWEEPS-4 b,0.95804,3.082,2.031,1.7836,1.0509,1.2984
Ross 458 c,1.1465,3.2803,2.5968,2.1035,0.68357,1.1768
TOI-1601 b,1.1426,2.4978,2.6035,2.097,0.10571,0.40082
TOI-1518 b,1.3226,2.8639,2.6872,4.7362,0.17675,1.8723
TOI-1516 b,1.1831,3.0019,2.5664,4.5779,0.4355,1.576
Qatar-10 b,1.2379,2.3691,2.5891,4.6401,0.22007,2.271
TOI-1266 b,0.39058,1.2014,1.1189,0.82017,0.082512,0.38122
TOI-1803 b,0.47567,1.0137,1.2119,0.96464,0.19818,0.049043
TOI-1266 c,0.2235,0.80618,0.78866,0.5365,0.017521,0.26968
TOI-1269 b,0.38047,0.80618,1.1158,0.80301,0.30963,0.003171
TOI-1420 b,1.0752,1.3997,2.6765,1.9825,1.2768,0.58281
TOI-1416 b,0.20952,0.54158,0.73855,0.51276,0.19697,0.02882
TOI-1411 b,0.078749,0.30103,0.26985,0.26985,0.031177,0.031177
TOI-1759 b,0.48572,0.83251,1.227,0.9817,0.39451,0.14919
TOI-1408 c,0.34635,0.88081,1.0788,0.74508,0.19798,0.13573
TOI-1294 b,1.0053,1.8055,2.3228,1.8639,0.51734,0.058403
TOI-1422 b,0.59515,1.0828,1.3721,1.1675,0.28927,0.084694
TOI-1408 b,1.2257,2.7301,2.5812,4.6262,0.14884,1.8961
TOI-1347 c,0.22469,0.95424,0.79294,0.53853,0.1613,0.41572
TOI-1347 b,0.25527,1.0453,0.89088,0.59045,0.15444,0.45488
TOI-1338 b,0.88429,1.0531,1.7423,1.6584,0.6892,0.6053
TOI-3362 b,1.1072,3.2037,2.6848,2.0369,0.51892,1.1668
TOI-1333 b,1.1945,2.8769,2.5683,4.5908,0.30861,1.7138
TOI-1298 b,0.97436,2.0536,2.1223,1.8113,0.068688,0.24233
TOI-1386 b,0.79354,1.6609,1.5494,1.5043,0.1115,0.15656
TOI-1431 b,1.2228,2.9963,2.5796,4.6229,0.41675,1.6265
TOI-1437 b,0.38645,1.017,1.118,0.81315,0.10101,0.20388
TOI-1439 b,0.62765,1.5855,1.3985,1.2227,0.18693,0.36279
TOI-1272 b,0.617,1.3909,1.3907,1.2046,0.00018982,0.18635
TOI-1273 b,1.0452,1.8485,2.5733,1.9316,0.72477,0.083035
TOI-1278 b,1.087,3.7694,2.6922,2.0025,1.0772,1.7668
TOI-1279 b,0.42512,1.0253,1.1409,0.87881,0.11561,0.14649
TOI-1468 b,0.10721,0.50651,0.37186,0.33907,0.13464,0.16744
TOI-1467 b,0.22427,0.95424,0.79144,0.53781,0.1628,0.41643
TOI-1453 c,0.34713,0.46982,1.0801,0.74641,0.61028,0.27659
TOI-1453 b,0.069298,0.36549,0.23598,0.23598,0.12951,0.12951
TOI-1452 b,0.22324,0.68305,0.78773,0.53605,0.10468,0.14699
TOI-1451 b,0.41688,1.1818,1.1329,0.86482,0.048961,0.31702
TOI-1758 b,0.55113,0.83885,1.3234,1.0927,0.48451,0.2539
TOI-1448 b,0.43917,1.29,1.1586,0.90267,0.13143,0.38736
TOI-1444 b,0.1452,0.58771,0.50802,0.40356,0.079695,0.18415
TOI-1288 b,0.71933,1.6232,1.4537,1.3783,0.16956,0.24493
TOI-1443 b,0.36245,1.4771,1.1014,0.77241,0.37572,0.70472
TOI-1268 b,0.95904,1.9841,2.0364,1.7853,0.052292,0.19878
TOI-1803 c,0.63246,0.90309,1.4018,1.2308,0.49867,0.32774
TOI-1807 b,0.13672,0.40993,0.47764,0.38917,0.067703,0.020764
TOI-1231 b,0.56229,1.1875,1.3371,1.1117,0.14959,0.075818
LHS 1140 c,0.10789,0.25768,0.37429,0.34022,0.11662,0.082539
LHS 1478 b,0.094122,0.36736,0.32495,0.31684,0.042404,0.050511
LHS 1678 b,-0.15739,-0.45593,-0.57653,-0.57653,0.12059,0.12059
LHS 1678 c,-0.0078885,0.14613,-0.040676,-0.040676,0.1868,0.1868
TOI-1136 g,0.40312,1.0864,1.1234,0.84146,0.036991,0.2449
TOI-1295 b,1.1957,2.6545,2.5686,4.5922,0.085836,1.9377
LHS 1140 b,0.15534,0.82282,0.54436,0.42077,0.27846,0.40205
TOI-1899 b,1.0452,2.3283,2.5733,1.9316,0.24505,0.39669
TOI-1855 b,1.2671,2.5564,2.6143,4.6732,0.05787,2.1167
LP 890-9 b,0.12057,1.1206,0.41976,0.36176,0.70081,0.75882
LP 890-9 c,0.13577,1.4031,0.47422,0.38755,0.9289,1.0156
TOI-1853 b,0.53908,1.8645,1.3074,1.0723,0.55707,0.79223
TOI-1842 b,1.0666,1.8326,2.6559,1.9679,0.82332,0.1353
LTT 3780 b,0.12222,0.39094,0.42565,0.36454,0.034713,0.026392
TOI-1898 b,0.97292,2.1106,2.1139,1.8089,0.0032847,0.30172
TOI-1173 b,0.96332,1.4378,2.0595,1.7926,0.62172,0.35481
TOI-1174 b,0.39906,1.5051,1.1215,0.83457,0.38369,0.67058
TOI-1180 b,0.48233,1.0,1.2219,0.97594,0.22188,0.024063
TOI-2076 c,0.56755,1.7404,1.3432,1.1206,0.39711,0.61974
TOI-2076 b,0.44258,1.2068,1.1635,0.90845,0.043373,0.29837
TOI-2046 b,1.2079,2.8639,2.5726,4.606,0.29129,1.7421
Kepler-9 b,0.88873,1.6433,1.754,1.6659,0.11065,0.022595
Kepler-9 c,0.90741,1.4757,1.811,1.6976,0.33538,0.22197
Kepler-9 d,0.17811,0.92504,0.626,0.45945,0.29904,0.46559
TOI-2025 b,1.0976,3.1456,2.6938,2.0206,0.45184,1.1251
TOI-2019 b,0.72695,1.5366,1.4609,1.3913,0.07562,0.1453
TOI-2018 b,0.35564,0.96379,1.093,0.76085,0.12918,0.20293
TOI-2015 b,0.5302,1.2148,1.295,1.0572,0.080172,0.15763
TOI-2010 b,1.0724,2.6114,2.6707,1.9778,0.059224,0.63366
TOI-2005 b,1.0789,3.3084,2.6831,1.9889,0.62532,1.3195
TOI-2000 c,0.91062,1.9122,1.8222,1.7031,0.090048,0.20912
TOI-2000 b,0.43136,1.0414,1.1482,0.88941,0.10676,0.15198
TOI-1994 b,1.1359,3.8466,2.617,2.0856,1.2296,1.761
TOI-1199 b,1.0218,1.8806,2.4395,1.8918,0.55886,0.011207
LTT 3780 c,0.38382,0.79865,1.1172,0.80868,0.31856,0.010034
LTT 9779 b,0.67394,1.4672,1.4227,1.3013,0.04447,0.1659
TOI-1836 c,0.41495,0.90309,1.1313,0.86155,0.22817,0.041541
TOI-1130 c,1.2257,2.489,2.5812,4.6262,0.09227,2.1372
TOI-1130 b,0.56348,1.2967,1.3385,1.1137,0.041851,0.18295
TOI-1107 b,1.1635,3.0272,2.5749,4.5556,0.45229,1.5284
TOI-1075 b,0.2531,0.99782,0.88674,0.58675,0.11108,0.41107
TOI-1064 c,0.42341,0.39794,1.1391,0.87591,0.74116,0.47797
TOI-1064 b,0.4128,1.1303,1.1295,0.85789,0.00078586,0.27245
TOI-1710 b,0.71627,1.3502,1.4509,1.3731,0.10069,0.02287
TOI-1062 b,0.35507,1.0065,1.0922,0.75988,0.085716,0.24659
TOI-1052 b,0.45788,1.2279,1.1856,0.93443,0.042334,0.29345
TOI-1776 b,0.084979,0.14613,0.29218,0.29218,0.14606,0.14606
TOI-1696 b,0.51055,1.7528,1.2654,1.0238,0.48745,0.72897
TOI-1695 b,0.3075,0.74036,0.99684,0.67911,0.25648,0.061252
TOI-1694 b,0.7356,1.4166,1.4699,1.4059,0.05324,0.0107
TOI-1691 b,0.55207,1.1644,1.3245,1.0943,0.1602,0.070014
TOI-1811 b,1.047,2.4899,2.5815,1.9346,0.091676,0.5553
TOI-1135 b,0.95521,1.7111,2.0162,1.7788,0.30509,0.067657
TOI-2088 b,0.56622,1.5682,1.3417,1.1184,0.22649,0.44984
TOI-1136 b,0.27875,1.4914,0.93696,0.63031,0.55441,0.86105
TOI-1723 b,0.51747,1.017,1.2761,1.0356,0.25911,0.018566
TOI-1836 b,0.93266,1.466,1.9088,1.7405,0.44285,0.27453
TOI-1824 b,0.43836,1.2041,1.1574,0.90128,0.046676,0.30284
TOI-1749 d,0.4014,1.1761,1.1225,0.83854,0.053591,0.33755
TOI-1136 f,0.5724,1.5051,1.3487,1.1289,0.15642,0.37629
TOI-1823 b,0.87741,1.8287,1.7247,1.6467,0.10393,0.18196
TOI-1136 e,0.4058,1.3802,1.1248,0.84601,0.25538,0.5342
TOI-1749 c,0.32634,1.1461,1.0382,0.7111,0.10796,0.43503
TOI-1201 b,0.38292,0.79796,1.1169,0.80716,0.31892,0.0092002
TOI-1136 d,0.66475,1.0899,1.4189,1.2857,0.32899,0.19575
TOI-1136 c,0.4424,0.88081,1.1632,0.90815,0.28238,0.027334
NGTS-3 A b,1.2198,2.8788,2.578,4.6196,0.30073,1.7408
TOI-1749 b,0.14301,1.7559,0.5002,0.39986,1.2557,1.356
TOI-1742 b,0.37385,0.98677,1.1119,0.79176,0.12508,0.19501
TOI-1736 b,0.4843,1.0755,1.2249,0.97929,0.14931,0.09626
TOI-1728 b,0.70329,1.4278,1.4403,1.3511,0.012536,0.076722
TOI-1820 b,1.1065,2.8639,2.6858,2.0356,0.17809,0.82832
TOI-3364 b,1.0874,2.7249,2.6925,2.0032,0.032433,0.7217
WASP-176 b,1.2271,2.4342,2.5821,4.6278,0.14792,2.1937
TOI-3568 b,0.72428,1.4216,1.4583,1.3867,0.036721,0.034888
HD 21520 b,0.43088,1.248,1.1476,0.88859,0.10042,0.35938
HD 21749 c,-0.049635,0.5682,-0.19031,-0.19031,0.75851,0.75851
HD 22946 d,0.41614,1.4244,1.1322,0.86357,0.29214,0.56082
HD 23472 b,0.30103,0.92012,0.98303,0.66813,0.062908,0.25199
HD 23472 c,0.33224,1.235,1.0514,0.72111,0.18363,0.51391
HD 23472 d,-0.12494,-0.25964,-0.46021,-0.46021,0.20057,0.20057
HD 20329 b,0.23553,0.8704,0.83179,0.55692,0.038617,0.31348
HD 23472 e,-0.087247,-0.14267,-0.32511,-0.32511,0.18245,0.18245
HD 25463 b,0.4183,0.92942,1.1341,0.86723,0.20472,0.062184
HD 25463 c,0.13467,0.63347,0.47029,0.38569,0.16318,0.24778
HD 28109 b,0.34223,1.2671,1.0715,0.73807,0.19556,0.529
HD 28109 c,0.62634,0.89998,1.3976,1.2204,0.49764,0.32046
HD 28109 d,0.51188,0.75442,1.2675,1.0261,0.51305,0.27169
HD 35843 c,0.40483,1.0538,1.1243,0.84437,0.070427,0.20948
HD 23472 f,0.05576,-0.11351,0.18746,0.18746,0.30097,0.30097
HD 42813 b,0.53483,0.77085,1.3016,1.0651,0.53072,0.29422
HD 18599 b,0.43136,1.4065,1.1482,0.88941,0.25839,0.51713
HD 15337 c,0.40175,0.94399,1.1227,0.83913,0.17868,0.10486
HAT-P-58 b,1.1741,2.0727,2.5681,4.5676,0.49539,2.4949
HAT-P-59 b,1.0999,2.6897,2.6925,2.0245,0.0028192,0.66519
HAT-P-60 b,1.262,2.2611,2.6093,4.6674,0.3482,2.4063
HAT-P-61 b,1.0033,2.5263,2.3087,1.8605,0.21755,0.66578
HAT-P-62 b,1.0802,2.3836,2.6849,1.9909,0.30129,0.39263
HAT-P-63 b,1.0984,2.2904,2.6934,2.0219,0.40309,0.26847
HD 17156 b,1.089,3.0061,2.6934,2.0059,0.31268,1.0002
HAT-P-64 b,1.2808,2.2656,2.6293,4.6887,0.36365,2.4231
HAT-P-66 b,1.251,2.396,2.5993,4.6549,0.20333,2.2589
HAT-P-67 b,1.3687,2.0337,2.7725,4.7885,0.73886,2.7548
HAT-P-68 b,1.0798,2.3619,2.6843,1.9903,0.32235,0.37168
HAT-P-69 b,1.2738,3.0561,2.6215,4.6809,0.43463,1.6248
HAT-P-70 b,1.3214,3.3334,2.6853,4.7349,0.64811,1.4014
HD 15337 b,0.23019,0.85733,0.81266,0.54787,0.044668,0.30947
HAT-P-65 b,1.2567,2.2457,2.6043,4.6614,0.35858,2.4157
HD 63433 b,0.33516,1.5717,1.0576,0.72608,0.51406,0.84563
HD 63433 c,0.41201,1.2355,1.129,0.85655,0.10658,0.37898
HD 63454 b,1.0903,2.1004,2.694,2.0081,0.59362,0.092292
KELT-2 A b,1.1602,2.686,2.5782,4.5518,0.10785,1.8658
KELT-4 A b,1.28,2.4564,2.6284,4.6879,0.17195,2.2314
KOI-1257 b,1.0228,2.6635,2.4465,1.8936,0.217,0.76992
KOI-1831 d,0.053078,0.3483,0.17784,0.17784,0.17046,0.17046
KOI-1833 d,0.41162,1.0422,1.1287,0.85589,0.086485,0.18629
KOI-3503 b,0.075547,0.96379,0.25838,0.25838,0.70541,0.70541
K2-419 A b,1.0233,2.2923,2.4492,1.8943,0.15699,0.39794
KOI-3503 c,0.082785,1.0154,0.28432,0.28432,0.73104,0.73104
WASP-197 b,1.1598,2.6057,2.5785,4.5514,0.027117,1.9458
WASP-195 b,1.0134,1.5192,2.3805,1.8775,0.86131,0.35828
WASP-194 b,1.1898,2.5719,2.5673,4.5854,0.0045796,2.0136
WASP-193 b,1.2151,1.6452,2.5757,4.6142,0.93051,2.969
WASP-192 b,1.1395,2.8639,2.6096,2.0916,0.25429,0.77229
TOI-3493 b,0.50786,0.95279,1.2611,1.0193,0.30836,0.066487
KOI-3680 b,1.0452,2.7878,2.5733,1.9316,0.21443,0.85617
HIP 9618 c,0.52414,1.2625,1.2862,1.0469,0.02373,0.21553
HIP 9618 b,0.59106,1.0,1.3682,1.1606,0.36816,0.16055
HIP 8152 c,0.39445,0.97313,1.1198,0.82674,0.14671,0.14638
HD 63935 b,0.46475,1.0212,1.1956,0.9461,0.17444,0.075093
HD 63935 c,0.4624,1.0453,1.1922,0.9421,0.14685,0.10322
HD 73344 b,0.46,1.0204,1.1886,0.93802,0.16828,0.082339
HD 73583 b,0.4456,1.0086,1.1678,0.91359,0.15918,0.095011
HD 73583 c,0.3784,0.98677,1.1147,0.79949,0.12797,0.18728
HD 77946 b,0.43217,0.92324,1.1492,0.89078,0.22591,0.032468
HD 80606 b,1.0509,3.1165,2.599,1.9412,0.51744,1.1753
HD 80653 b,0.20763,0.74819,0.73181,0.50957,0.01638,0.23862
HD 86226 c,0.33445,0.86034,1.0562,0.72488,0.19583,0.13546
HD 88986 b,0.3962,1.2355,1.1204,0.82971,0.11514,0.40582
HD 89345 b,0.83632,1.5527,1.6299,1.577,0.077244,0.024283
HD 95338 b,0.58995,1.6278,1.3671,1.1587,0.2607,0.46912
HD 97658 b,0.37179,0.94854,1.1103,0.78826,0.16177,0.16028
HIP 65 A b,1.3571,3.0091,2.7489,4.7753,0.26019,1.7662
HIP 8152 b,0.40419,0.94939,1.1239,0.84328,0.17453,0.10611
HAT-P-57 b,1.2901,2.6514,2.6406,4.6993,0.010815,2.0479
HAT-P-56 b,1.2157,2.7809,2.576,4.6149,0.20495,1.8339
HAT-P-55 b,1.1715,2.2774,2.5693,4.5646,0.2919,2.2872
HAT-P-54 b,1.0245,2.7623,2.4576,1.8965,0.30467,0.86577
CoRoT-29 b,1.0038,2.4316,2.3121,1.8613,0.11952,0.57031
CoRoT-30 b,1.0535,2.9646,2.6099,1.9456,0.3547,1.019
CoRoT-31 b,1.2139,2.4265,2.5752,4.6128,0.14869,2.1864
CoRoT-35 b,1.2749,2.5436,2.6226,4.682,0.078999,2.1385
CoRoT-36 b,1.1988,2.3347,2.5695,4.5957,0.2348,2.261
DS Tuc A b,0.75051,2.6161,1.4871,1.4313,1.1291,1.1849
CoRoT-28 b,1.0296,2.1843,2.489,1.905,0.30461,0.2793
Wolf 503 b,0.31027,0.79727,1.0028,0.68382,0.20555,0.11345
GJ 414 A b,0.41996,0.88081,1.1357,0.87004,0.25486,0.01077
GJ 414 A c,0.92428,1.731,1.8737,1.7263,0.14272,0.0047438
HAT-P-11 b,0.69028,1.3979,1.4314,1.329,0.033506,0.068934
HAT-P-12 b,1.0314,1.8265,2.4997,1.9081,0.6732,0.081638
HAT-P-13 b,1.1541,2.4321,2.5854,2.1164,0.1533,0.31571
HAT-P-14 b,1.1103,2.8509,2.6798,2.042,0.17103,0.80885
Wolf 327 b,0.093422,0.40312,0.32244,0.31566,0.080677,0.087464
CoRoT-27 b,1.0526,3.5188,2.6063,1.9441,0.91253,1.5747
CoRoT-26 b,1.1499,2.2656,2.5913,2.1094,0.32563,0.15622
CoRoT-25 b,1.083,1.9691,2.6885,1.9957,0.71943,0.026677
CoRoT-10 b,1.0362,2.9415,2.5273,1.9163,0.4142,1.0252
CoRoT-11 b,1.2049,2.9205,2.5715,4.6026,0.349,1.6821
CoRoT-12 b,1.1799,2.4501,2.5666,4.5742,0.11645,2.1241
CoRoT-13 b,0.99651,2.6264,2.262,1.8489,0.36432,0.77746
CoRoT-14 b,1.0573,3.387,2.6251,1.9521,0.7619,1.4348
CoRoT-16 b,1.1178,2.2257,2.6634,2.0548,0.43773,0.17089
CoRoT-17 b,1.0526,2.8931,2.6063,1.9441,0.28679,0.94899
CoRoT-18 b,1.1468,3.0167,2.5962,2.1041,0.42055,0.91263
CoRoT-19 b,1.1251,2.5396,2.6431,2.0673,0.10345,0.47237
CoRoT-20 b,1.0496,3.1192,2.5933,1.939,0.52585,1.1802
CoRoT-21 b,1.1635,2.8485,2.5749,4.5556,0.27361,1.7071
CoRoT-22 b,0.68842,1.0864,1.4303,1.3258,0.34395,0.23948
CoRoT-23 b,1.0708,2.9922,2.6668,1.975,0.32533,1.0172
CoRoT-24 b,0.5682,0.75587,1.344,1.1217,0.58813,0.36586
CoRoT-24 c,0.69897,1.4472,1.4372,1.3438,0.0099587,0.10341
HAT-P-15 b,1.0798,2.792,2.6843,1.9903,0.10772,0.80175
WASP-189 b,1.2588,2.801,2.6063,4.6638,0.19478,1.8628
HAT-P-16 b,1.1251,3.1243,2.6431,2.0673,0.48123,1.057
HAT-P-18 b,1.0259,1.7945,2.4664,1.8988,0.67193,0.10439
HAT-P-38 b,0.966,1.9287,2.0743,1.7971,0.14565,0.13157
HAT-P-39 b,1.2457,2.2796,2.595,4.649,0.3154,2.3694
HAT-P-40 b,1.2876,2.2911,2.6375,4.6965,0.34643,2.4055
HAT-P-41 b,1.2762,2.4053,2.624,4.6835,0.21875,2.2782
HAT-P-42 b,1.1568,2.4467,2.582,4.548,0.1353,2.1013
HAT-P-43 b,1.1571,2.323,2.5816,4.5484,0.25852,2.2253
HAT-P-37 b,1.1207,2.57,2.6552,2.0598,0.085255,0.51022
HAT-P-44 b,1.1437,2.0487,2.6016,2.0988,0.55288,0.050097
HAT-P-46 b,1.1581,2.195,2.5804,4.5495,0.38538,2.3545
HAT-P-49 b,1.1997,2.7402,2.5698,4.5967,0.17045,1.8565
HAT-P-50 b,1.1595,2.6325,2.5789,4.5511,0.053632,1.9185
HAT-P-51 b,1.1612,1.9922,2.5772,4.553,0.585,2.5608
HAT-P-52 b,1.0535,2.4144,2.6099,1.9456,0.19548,0.46882
HAT-P-53 b,1.1695,2.6716,2.5705,4.5624,0.10112,1.8908
HAT-P-45 b,1.2037,2.4525,2.5711,4.6012,0.11853,2.1487
HAT-P-36 b,1.1648,2.7698,2.5738,4.5571,0.19604,1.7873
HAT-P-35 b,1.5998,3.3784,3.5403,5.0508,0.16192,1.6724
HAT-P-34 b,1.1277,3.0246,2.6364,2.0716,0.38819,0.95306
HAT-P-19 b,1.053,1.9447,2.6081,1.9449,0.66345,0.0001945
HAT-P-20 b,0.989,3.3655,2.2127,1.8362,1.1529,1.5293
HAT-P-21 b,1.0599,3.101,2.6345,1.9565,0.46653,1.1445
HAT-P-22 b,1.083,2.8342,2.6885,1.9957,0.14574,0.83849
HAT-P-23 b,1.1374,2.8182,2.614,2.088,0.20425,0.73019
HAT-P-24 b,1.1437,2.3379,2.6016,2.0988,0.26373,0.23905
HAT-P-25 b,1.1251,2.2558,2.643,2.0673,0.38729,0.18849
HAT-P-26 b,0.80161,1.273,1.5631,1.518,0.29011,0.24499
HAT-P-27 b,1.058,2.2946,2.6278,1.9534,0.33327,0.34119
HAT-P-28 b,1.1331,2.3063,2.6234,2.0808,0.31704,0.22557
HAT-P-29 b,1.0937,2.3932,2.6946,2.0139,0.30148,0.37923
HAT-P-30 b,1.2166,2.3673,2.5764,4.6159,0.20912,2.2486
HAT-P-31 b,1.0788,2.8388,2.6829,1.9887,0.15598,0.85018
HAT-P-32 b,1.3039,2.4367,2.659,4.715,0.22228,2.2783
HAT-P-33 b,1.2764,2.3841,2.6243,4.6838,0.24016,2.2997
HAT-P-17 b,1.0539,2.2322,2.6117,1.9463,0.37948,0.28584
WASP-188 b,1.1708,2.6615,2.5697,4.5639,0.091771,1.9024
WASP-190 b,1.1103,2.5022,2.6798,2.042,0.17763,0.46015
WASP-186 b,1.0949,3.1275,2.6946,2.0159,0.43295,1.1116
TOI-5301 b,1.1203,3.0645,2.6563,2.0592,0.4082,1.0053
TOI-5232 b,1.1065,2.8714,2.6858,2.0356,0.18558,0.8358
TOI-5218 b,0.99388,2.8176,2.2445,1.8444,0.57308,0.97312
TOI-5205 b,1.0645,2.5353,2.6496,1.9643,0.11431,0.57102
TOI-5153 b,1.0749,3.0154,2.6759,1.982,0.33956,1.0335
TOI-5110 b,1.0785,2.9646,2.6824,1.9882,0.28217,0.9764
TOI-5344 b,1.0255,2.1171,2.4635,1.8981,0.34638,0.21903
TOI-5108 b,0.81954,1.5051,1.5961,1.5485,0.090958,0.043312
TOI-5027 b,1.0318,2.8075,2.5024,1.9089,0.30513,0.89865
TOI-5005 b,0.79588,1.5145,1.5533,1.5083,0.038743,0.0062625
TOI-4994 b,0.93152,1.9494,1.9039,1.7386,0.045438,0.21078
TOI-4914 b,1.1096,2.356,2.681,2.0409,0.325,0.31515
TOI-4860 b,0.93952,1.938,1.9395,1.7522,0.0014818,0.18586
TOI-4791 b,1.0949,2.8658,2.6946,2.0159,0.17125,0.84986
TOI-5076 b,0.50515,1.2041,1.2569,1.0147,0.052802,0.18943
TOI-5398 b,1.0128,1.7686,2.3767,1.8766,0.60811,0.108
TOI-5398 c,0.54654,1.0719,1.3174,1.085,0.24555,0.01308
TOI-5542 b,1.0535,2.6228,2.6099,1.9456,0.012872,0.67717
WASP-187 b,1.2644,2.4053,2.6116,4.6702,0.20636,2.2649
TOI-7041 b,1.0582,2.0585,2.6283,1.9536,0.56979,0.1049
TOI-6651 b,0.70672,1.7853,1.443,1.3569,0.34235,0.42842
TOI-6628 b,1.0408,2.3714,2.5515,1.9241,0.1801,0.44733
TOI-6324 b,0.024896,0.068186,0.076831,0.076831,0.0086455,0.0086455
TOI-6255 b,0.033021,0.15836,0.10595,0.10595,0.052407,0.052407
TOI-6130 b,1.1568,2.5234,2.582,4.548,0.058592,2.0246
TOI-6034 b,1.0763,2.4048,2.6785,1.9843,0.27369,0.42049
TOI-6029 b,1.1581,2.7157,2.5804,4.5495,0.13532,1.8338
TOI-6016 b,1.1359,2.5704,2.617,2.0856,0.046632,0.48477
TOI-6008 b,0.012837,0.60206,0.03361,0.03361,0.56845,0.56845
TOI-5786 b,0.93146,1.8633,1.9036,1.7385,0.040318,0.12485
TOI-5720 b,0.037426,0.63347,0.12174,0.12174,0.51172,0.51172
TOI-5678 b,0.69108,1.301,1.4319,1.3304,0.13091,0.029329
TOI-5616 b,1.0326,2.7952,2.507,1.9102,0.28823,0.88497
TOI-4641 b,0.91289,3.0899,1.8302,1.7069,1.2597,1.383
WASP-100 b,1.2774,2.8097,2.6254,4.6849,0.1843,1.8752
TOI-4633 c,0.50515,2.0899,1.2569,1.0147,0.83298,1.0752
TOI-4600 c,0.97405,3.4693,2.1205,1.8108,1.3488,1.6585
TOI-4010 c,0.77305,1.3077,1.5174,1.4695,0.20966,0.16182
TOI-4010 b,0.48001,1.0414,1.2184,0.972,0.17698,0.069394
TOI-3919 b,1.0906,3.091,2.6941,2.0086,0.39693,1.0824
TOI-3912 b,1.1547,2.1107,2.5845,2.1175,0.4738,0.0068289
TOI-3894 b,1.1825,2.4316,2.5664,4.5771,0.13476,2.1455
TOI-3884 b,0.77815,1.2175,1.5249,1.4782,0.30745,0.2607
TOI-4010 d,0.79099,1.5815,1.5451,1.5,0.036346,0.081514
TOI-3837 b,1.0363,2.273,2.5279,1.9165,0.25486,0.35651
TOI-3807 b,1.2671,2.5192,2.6143,4.6732,0.095066,2.1539
TOI-3785 b,0.71096,1.1746,1.4464,1.3641,0.27176,0.18947
TOI-3757 b,1.0792,1.9309,2.6834,1.9893,0.75246,0.058323
TOI-3714 b,1.047,2.3404,2.5815,1.9346,0.24112,0.40586
TOI-3693 b,1.1003,2.5108,2.6923,2.0252,0.18147,0.48561
TOI-3629 b,0.9188,1.9172,1.8522,1.717,0.064957,0.20019
TOI-3819 b,1.1185,2.5475,2.6614,2.056,0.11391,0.4915
TOI-406.01,0.31806,0.81757,1.0198,0.69705,0.20225,0.12051
TOI-4087 b,1.1155,2.3655,2.6689,2.051,0.30341,0.31455
TOI-4127 b,1.0894,2.8639,2.6936,2.0066,0.1703,0.85734
TOI-4600 b,0.83251,2.9822,1.622,1.5705,1.3602,1.4117
TOI-4582 b,1.0227,2.2265,2.4456,1.8934,0.21911,0.3331
TOI-4562 b,1.098,2.8645,2.6937,2.0211,0.17085,0.84337
TOI-4551 b,1.0741,2.6754,2.6742,1.9806,0.0011852,0.69482
TOI-4515 b,1.0853,2.8041,2.6908,1.9996,0.11331,0.80449
TOI-4504 c,1.0452,3.0782,2.5733,1.9316,0.5049,1.1466
Kepler-4 b,0.61541,1.3773,1.3895,1.2019,0.012256,0.17536
TOI-4438 b,0.4014,0.73239,1.1225,0.83854,0.39011,0.10615
TOI-4406 b,1.0496,1.9793,2.5933,1.939,0.61403,0.040322
TOI-4379 b,1.2225,2.5487,2.5794,4.6225,0.03075,2.0739
TOI-4377 b,1.1793,2.4831,2.5667,4.5735,0.083557,2.0904
TOI-4329 b,1.2257,2.1554,2.5812,4.6262,0.42583,2.4708
TOI-4201 b,1.1359,2.8966,2.617,2.0856,0.27963,0.81103
TOI-4153 b,1.2073,2.5629,2.5724,4.6054,0.0095103,2.0425
TOI-4137 b,1.1327,2.6606,2.6242,2.0802,0.036357,0.5804
TOI-4603 b,1.0674,3.6124,2.6583,1.9693,0.95419,1.6431
WASP-101 b,1.2049,2.2098,2.5715,4.6026,0.36174,2.3928
TOI-1753 b,0.39419,1.2201,1.1198,0.8263,0.10035,0.3938
WASP-103 b,1.266,2.6695,2.6132,4.672,0.056287,2.0024
WASP-163 b,1.1295,2.774,2.6319,2.0747,0.14212,0.69938
WASP-162 b,1.0496,3.2182,2.5933,1.939,0.62485,1.2792
WASP-161 b,1.1076,2.8984,2.6842,2.0375,0.21421,0.86085
WASP-159 b,1.1894,2.2426,2.5672,4.5851,0.32466,2.3425
WASP-158 b,1.079,2.9478,2.6831,1.9889,0.26474,0.95892
WASP-157 b,1.0769,2.2611,2.6797,1.9854,0.41857,0.27568
WASP-156 b,0.75714,1.6094,1.4955,1.4425,0.11395,0.1669
WASP-155 b,1.1287,2.4422,2.6337,2.0734,0.1915,0.36879
WASP-154 b,1.0318,2.2988,2.5024,1.9089,0.20365,0.38988
WASP-153 b,1.2399,2.0933,2.5906,4.6423,0.4973,2.5491
WASP-151 b,1.1026,1.9936,2.6903,2.0291,0.69676,0.035553
WASP-150 b,1.079,3.4296,2.6831,1.9889,0.74651,1.4407
WASP-149 b,1.1831,2.4983,2.5664,4.5779,0.06811,2.0796
WASP-148 b,0.9069,1.9646,1.8093,1.6968,0.15528,0.26782
WASP-147 b,1.0968,1.9415,2.6941,2.0193,0.75258,0.077728
WASP-164 b,1.1019,2.8306,2.691,2.0278,0.13954,0.80277
WASP-102 b,1.1734,2.296,2.5684,4.5669,0.27241,2.2709
WASP-165 b,1.1499,2.3204,2.5913,2.1094,0.27084,0.21102
WASP-167 b,1.2482,3.4053,2.597,4.6518,0.80828,1.2465
WASP-185 b,1.1465,2.4934,2.5968,2.1035,0.10335,0.38989
WASP-184 b,1.1734,2.2581,2.5684,4.5669,0.31033,2.3088
WASP-183 b,1.2169,2.2029,2.5766,4.6162,0.37366,2.4133
WASP-182 b,0.97899,1.6725,2.15,1.8192,0.47753,0.1467
WASP-181 b,1.1229,1.9779,2.649,2.0635,0.67116,0.085663
WASP-178 b,1.3072,2.7223,2.6638,4.7188,0.058515,1.9965
WASP-177 b,1.2482,2.2081,2.597,4.6518,0.38895,2.4437
TOI-1751 b,0.44248,1.1614,1.1633,0.90828,0.0019448,0.25308
WASP-175 b,1.1316,2.4978,2.6267,2.0783,0.12888,0.4195
WASP-174 b,1.207,2.0207,2.5723,4.605,0.55158,2.5843
WASP-172 b,1.2455,2.1743,2.5948,4.6487,0.4205,2.4744
WASP-171 b,1.0408,2.5372,2.5515,1.9241,0.0143,0.61313
WASP-170 b,1.0894,2.7063,2.6936,2.0066,0.012699,0.69973
WASP-169 b,1.1648,2.2512,2.5738,4.5571,0.32264,2.306
WASP-168 b,1.2257,2.1254,2.5812,4.6262,0.45579,2.5007
WASP-166 b,0.84891,1.5065,1.6571,1.5983,0.15062,0.091799
WASP-142 b,1.2343,2.4265,2.5866,4.6359,0.16013,2.2095
WASP-144 b,0.97899,2.1456,2.15,1.8192,0.0043421,0.32649
WASP-140 b,1.2079,2.8896,2.5726,4.606,0.31695,1.7165
WASP-104 b,1.1053,2.6067,2.6873,2.0337,0.08066,0.57298
WASP-105 b,1.0318,2.7575,2.5024,1.9089,0.25505,0.84857
WASP-106 b,1.0582,2.7117,2.6283,1.9536,0.083419,0.75812
WASP-107 b,1.0264,1.5814,2.4693,1.8996,0.8879,0.31824
WASP-110 b,1.1423,2.2098,2.6042,2.0964,0.39443,0.11335
WASP-113 b,1.1985,2.1789,2.5694,4.5953,0.39052,2.4164
WASP-114 b,1.1763,2.7499,2.5673,4.5702,0.18259,1.8203
WASP-116 b,1.1359,2.3084,2.617,2.0856,0.30864,0.22276
WASP-117 b,1.0586,1.9433,2.6299,1.9543,0.6866,0.011056
WASP-118 b,1.2079,2.2132,2.5726,4.606,0.35948,2.3929
WASP-141 b,1.1324,2.9319,2.625,2.0795,0.30692,0.8524
WASP-120 b,1.2178,3.1879,2.577,4.6172,0.61094,1.4293
WASP-121 b,1.2933,2.5655,2.6447,4.703,0.07921,2.1375
WASP-123 b,1.1695,2.456,2.5705,4.5624,0.1145,2.1065
WASP-124 b,1.143,2.2803,2.6029,2.0976,0.32255,0.18274
WASP-119 b,1.1957,2.5921,2.5686,4.5922,0.023455,2.0001
WASP-127 b,1.1672,1.7189,2.572,4.5598,0.85311,2.8409
WASP-139 b,0.95266,1.5704,2.0031,1.7745,0.43275,0.20408
WASP-138 b,1.087,2.5886,2.6922,2.0025,0.10364,0.58602
WASP-136 b,1.1894,2.6812,2.5672,4.5851,0.11395,1.9039
WASP-135 b,1.1635,2.7809,2.5749,4.5556,0.20601,1.7747
WASP-126 b,1.0318,1.9494,2.5024,1.9089,0.55307,0.04046
WASP-132 c,0.26717,1.5723,0.91391,0.61065,0.65838,0.96164
WASP-133 b,1.1324,2.5667,2.625,2.0795,0.058375,0.48711
WASP-132 b,0.98909,2.115,2.2132,1.8363,0.098201,0.27867
WASP-131 b,1.1381,1.9384,2.6125,2.0892,0.67415,0.15087
WASP-130 b,0.99896,2.5921,2.2786,1.8531,0.3135,0.73903
WASP-129 b,1.018,2.5022,2.4141,1.8855,0.088075,0.61671
WASP-85 A b,1.143,2.6043,2.6029,2.0976,0.0013884,0.50668
WASP-70 A b,1.1155,2.273,2.6689,2.051,0.39591,0.22208
TOI-1798.02,0.14594,0.74819,0.51068,0.40482,0.23751,0.34337
TOI-1798.01,0.3775,0.81291,1.1142,0.79796,0.30132,0.01495
WASP-94 A b,1.2851,2.1573,2.6344,4.6937,0.47709,2.5363
TOI-762 A b,0.92114,1.9019,1.8613,1.7209,0.040596,0.18092
TOI-858 B b,1.1482,2.5436,2.5939,2.1065,0.050357,0.43712
V1298 Tau b,0.98809,2.3084,2.2068,1.8346,0.10162,0.47376
V1298 Tau c,0.71232,1.8824,1.4475,1.3664,0.43487,0.51598
V1298 Tau e,0.91585,2.5667,1.8411,1.712,0.72555,0.85468
WASP-77 A b,1.1324,2.7477,2.625,2.0795,0.12268,0.66816
V1298 Tau d,0.80848,1.9936,1.5754,1.5297,0.41818,0.46388
Kepler-56 c,1.037,2.3721,2.5317,1.9177,0.15952,0.45444
TOI-1410.01,0.49148,1.0969,1.2358,0.99147,0.13889,0.10544
HD 235088 b,0.31703,0.62325,1.0176,0.6953,0.3943,0.07205
Kepler-45 b,1.0318,2.2055,2.5023,1.9088,0.2968,0.29662
HD 260655 b,0.093422,0.33041,0.32244,0.31566,0.0079705,0.014757
HD 260655 c,0.18554,0.48996,0.65262,0.47206,0.16267,0.0179
HD 332231 b,0.98759,1.8896,2.2036,1.8338,0.31397,0.055822
Kepler-44 b,1.087,2.4939,2.6922,2.0025,0.19833,0.49133
Kepler-22 b,0.37658,1.5563,1.1137,0.7964,0.44263,0.75991
HIP 29442 d,0.18696,0.71096,0.65769,0.47446,0.05327,0.2365
HIP 65426 b,1.2257,3.4564,2.5812,4.6262,0.8752,1.1697
Kepler-43 b,1.0968,2.9922,2.6941,2.0193,0.29805,0.9729
HD 221416 b,0.96237,1.7818,2.0543,1.7909,0.27254,0.0091943
HIP 94235 b,0.47712,2.5786,1.214,0.9671,1.3646,1.6115
KELT-19 A b,1.3306,3.1118,2.7004,4.7453,0.41137,1.6335
KELT-23 A b,1.1711,2.4744,2.5695,4.5643,0.095111,2.0899
KOI-1599.01,0.27875,0.66276,0.93696,0.63031,0.2742,0.032446
KOI-1599.02,0.27875,0.95424,0.93696,0.63031,0.017287,0.32393
KOI-1783.01,0.94743,1.8513,1.9771,1.7656,0.1258,0.085666
KOI-1783.02,0.7356,1.1761,1.4699,1.4059,0.29379,0.22985
Kepler-10 b,0.17289,0.55267,0.60729,0.45059,0.054625,0.10208
Kepler-10 c,0.34772,1.301,1.0811,0.7474,0.21996,0.55363
Kepler-41 b,0.99913,2.2425,2.2798,1.8534,0.037247,0.38918
Kepler-40 b,1.2079,2.8366,2.5726,4.606,0.26401,1.7694
HIP 97166 b,0.43775,1.301,1.1566,0.90026,0.14444,0.40077
Kepler-39 b,1.143,3.8054,2.6029,2.0976,1.2025,1.7078
HD 219666 b,0.67302,1.2201,1.4223,1.2997,0.20217,0.079588
HD 219134 c,0.17926,0.63949,0.63012,0.4614,0.009363,0.17809
Kepler-53 b,0.45332,2.0133,1.1789,0.92669,0.83435,1.0866
Kepler-52 c,0.34242,1.7987,1.0719,0.73841,0.72677,1.0602
Kepler-52 b,0.32222,2.1303,1.029,0.70411,1.1013,1.4262
Kepler-51 d,0.97589,0.75587,2.1314,1.8139,1.3755,1.058
Kepler-51 c,0.96895,0.98677,2.091,1.8021,1.1042,0.81535
Kepler-51 b,0.83822,0.56703,1.6339,1.5802,1.0669,1.0131
HD 207496 b,0.35218,0.78533,1.088,0.75498,0.30272,0.030351
Kepler-50 c,0.4456,0.91381,1.1678,0.91359,0.25397,0.00022437
Kepler-50 b,0.34242,0.94939,1.0719,0.73841,0.12249,0.21098
Kepler-49 c,0.3881,0.92324,1.1184,0.81596,0.19519,0.10728
HD 219134 d,0.20683,1.2087,0.72891,0.50819,0.4798,0.70052
HD 207897 b,0.39811,1.1584,1.1211,0.83296,0.037277,0.3254
Kepler-48 d,0.30963,0.89927,1.0014,0.68273,0.10216,0.21654
Kepler-48 c,0.47857,0.99123,1.2162,0.96955,0.22498,0.021673
Kepler-48 b,0.33041,1.3243,1.0473,0.71802,0.27695,0.60626
Kepler-47 d,0.84757,1.2792,1.6542,1.596,0.37496,0.31684
Kepler-47 c,0.66745,0.50106,1.42,1.2902,0.91891,0.78918
Kepler-47 b,0.48144,2.8035,1.2205,0.97444,1.5829,1.829
HD 209458 b,1.2112,2.3084,2.574,4.6098,0.26563,2.3014
HD 213885 b,0.2418,0.94596,0.85425,0.56756,0.091712,0.3784
Kepler-46 b,0.95805,2.4491,2.0311,1.7836,0.41802,0.66552
HD 219134 b,0.20575,0.6371,0.72504,0.50636,0.087936,0.13074
Kepler-49 b,0.30963,0.9345,1.0014,0.68273,0.066939,0.25176
Kepler-38 b,0.63347,2.0864,1.4024,1.2325,0.68394,0.85382
Kepler-37 d,0.3075,0.30103,0.99684,0.67911,0.69581,0.37808
Kepler-37 c,-0.12205,0.11394,-0.44987,-0.44987,0.56381,0.56381
Kepler-27 c,0.85552,1.3263,1.6721,1.6095,0.34575,0.2832
Kepler-16 b,0.92682,2.0246,1.8841,1.7306,0.14051,0.29403
Kepler-26 c,0.39967,0.78675,1.1217,0.83561,0.33497,0.048858
Kepler-26 b,0.4624,0.7007,1.1922,0.9421,0.49147,0.2414
Kepler-25 c,0.65321,3.1213,1.4137,1.2661,1.7076,1.8552
Kepler-25 b,0.41497,0.95424,1.1313,0.86158,0.17703,0.092658
Kepler-17 b,1.1668,2.8714,2.5722,4.5594,0.29917,1.688
Kepler-24 c,0.44716,2.7063,1.17,0.91623,1.5363,1.7901
Kepler-24 b,0.30535,1.5224,0.99224,0.67547,0.53021,0.84698
Kepler-23 d,0.34242,1.2455,1.0719,0.73841,0.17364,0.5071
Kepler-15 b,1.0318,2.3217,2.5023,1.9088,0.18055,0.41287
Kepler-23 c,0.50515,2.9335,1.2569,1.0147,1.6766,1.9189
Kepler-18 b,0.30103,0.83885,0.98303,0.66813,0.14418,0.17072
Kepler-18 c,0.73957,1.238,1.4742,1.4127,0.2362,0.17464
Kepler-18 d,0.84386,1.2148,1.646,1.5897,0.43117,0.37489
Kepler-19 b,0.3442,0.78533,1.0751,0.74142,0.28974,0.043911
Kepler-20 b,0.30255,0.97832,0.98625,0.67071,0.0079378,0.30761
Kepler-20 c,0.4615,1.0453,1.1908,0.94057,0.14552,0.10475
Kepler-20 d,0.43838,1.003,1.1575,0.90133,0.15445,0.1017
Kepler-20 e,-0.06148,0.48855,-0.23276,-0.23276,0.72131,0.72131
Kepler-20 f,0.012837,1.1553,0.03361,0.03361,1.1217,1.1217
Kepler-21 b,0.21362,1.017,0.75328,0.51974,0.26376,0.4973
Kepler-23 b,0.21431,0.40824,0.75575,0.52091,0.34751,0.11267
Kepler-14 b,1.1011,3.3876,2.6917,2.0265,0.69588,1.3611
Kepler-28 b,0.5563,2.6812,1.3298,1.1015,1.3513,1.5796
Kepler-28 c,0.44248,1.0374,1.1633,0.90828,0.12589,0.12914
Kepler-37 b,-0.50892,-0.10237,-1.8365,-1.8365,1.7341,1.7341
Kepler-36 c,0.56726,0.98272,1.3429,1.1201,0.3602,0.13742
Kepler-36 b,0.17202,0.035625,0.60415,0.4491,0.56853,0.41347
Kepler-11 b,0.2833,0.87242,0.94617,0.63803,0.073756,0.23439
Kepler-11 c,0.43616,0.77085,1.1544,0.89756,0.38354,0.12671
Kepler-35 b,0.91169,1.606,1.8259,1.7049,0.21997,0.098923
Kepler-11 d,0.49415,0.86332,1.2399,0.99602,0.37658,0.1327
Kepler-11 e,0.59988,0.8451,1.3764,1.1755,0.53132,0.33043
Kepler-11 f,0.45408,1.2664,1.18,0.92798,0.086344,0.33838
Kepler-34 b,0.93268,1.8446,1.9089,1.7405,0.064306,0.10406
Kepler-11 g,0.55485,0.94577,1.328,1.0991,0.38228,0.1533
Kepler-33 f,0.60206,0.98227,1.3784,1.1792,0.39609,0.19695
Kepler-33 e,0.54407,0.74036,1.3142,1.0808,0.57381,0.3404
Kepler-33 d,0.66276,0.61278,1.4181,1.2823,0.80529,0.66949
Kepler-33 c,0.41497,-0.40894,1.1313,0.86158,1.5402,1.2705
Kepler-12 b,1.2815,2.1357,2.6302,4.6896,0.4945,2.5539
Kepler-32 c,0.30535,0.88649,0.99224,0.67547,0.10575,0.21102
Kepler-31 c,0.67302,1.4698,1.4223,1.2997,0.04754,0.17013
Kepler-30 d,0.94448,1.3636,1.9628,1.7606,0.59917,0.39697
Kepler-30 c,1.0899,2.8062,2.6938,2.0075,0.11233,0.7987
Kepler-30 b,0.5563,1.8032,1.3298,1.1015,0.47338,0.70169
Kepler-29 c,0.49693,0.60206,1.2442,1.0007,0.64211,0.39867
Kepler-29 b,0.5563,2.1041,1.3298,1.1015,0.7743,1.0026
HD 206893 c,1.2139,3.606,2.5752,4.6128,1.0308,1.0069
HD 206893 b,1.1465,3.9494,2.5968,2.1035,1.3526,1.8458
HIP 29442 c,0.19061,0.65321,0.67079,0.48067,0.017582,0.17255
HD 203030 b,1.1602,3.5436,2.5782,4.5518,0.9654,1.0082
Kepler-99 b,0.17026,0.78888,0.59786,0.44611,0.19102,0.34276
Kepler-98 b,0.27184,0.31648,0.92313,0.61858,0.60665,0.3021
Kepler-97 b,0.17026,0.54531,0.59786,0.44611,0.052548,0.099192
Kepler-96 b,0.3753,1.1129,1.1129,0.79422,2.2312e-06,0.31863
Kepler-95 b,0.49346,1.0095,1.2388,0.99484,0.2293,0.014692
Kepler-94 b,0.54531,1.035,1.3158,1.0829,0.28078,0.047835
Kepler-93 b,0.19569,0.65746,0.68901,0.4893,0.031551,0.16817
Kepler-92 d,0.31429,1.0743,1.0116,0.69064,0.062779,0.38369
Kepler-92 c,0.41497,0.78533,1.1313,0.86158,0.34594,0.076255
Kepler-92 b,0.56867,1.2867,1.3445,1.1225,0.057856,0.16415
Kepler-91 b,1.1907,2.4467,2.5675,4.5865,0.12081,2.1398
Kepler-53 c,0.49415,1.5502,1.2399,0.99602,0.31033,0.55421
Kepler-87 b,1.13,2.5108,2.6306,2.0756,0.11979,0.43524
Kepler-85 e,0.079181,-0.22185,0.2714,0.2714,0.49325,0.49325
Kepler-85 c,0.29623,0.33244,0.9729,0.65998,0.64046,0.32754
Kepler-85 b,0.24993,0.26482,0.88076,0.58138,0.61595,0.31656
HD 136352 d,0.40858,0.94547,1.1266,0.85073,0.18108,0.09474
Kepler-84 c,0.31387,1.3054,1.0106,0.68993,0.29472,0.61542
Kepler-84 b,0.29003,1.6021,0.96,0.64946,0.64206,0.9526
Kepler-83 d,0.32838,1.3909,1.0428,0.71457,0.34818,0.67637
Kepler-83 c,0.36736,1.0569,1.1065,0.78074,0.049568,0.27616
Kepler-83 b,0.43297,1.6243,1.1502,0.89214,0.47411,0.73214
Kepler-82 c,0.72754,1.143,1.4615,1.3923,0.31851,0.24925
HD 136352 c,0.41631,1.0527,1.1324,0.86385,0.079695,0.18884
Kepler-82 b,0.5966,1.7076,1.3734,1.1699,0.33416,0.53763
LP 714-47 b,0.6721,1.4886,1.4219,1.2981,0.066674,0.19042
LP 791-18 d,0.01368,-0.045757,0.03663,0.03663,0.082387,0.082387
BD+20 594 b,0.41129,1.3473,1.1284,0.85534,0.21886,0.49195
Gliese 12 b,-0.045757,1.0,-0.17641,-0.17641,1.1764,1.1764
HATS-37 A b,0.83204,1.4978,1.621,1.5697,0.12318,0.071846
HATS-48 A b,0.95266,1.8878,2.0031,1.7745,0.11533,0.11334
HATS-58 A b,1.089,2.515,2.6934,2.0059,0.17839,0.50912
HATS-74 A b,1.0632,2.6665,2.6458,1.9622,0.020725,0.70433
HD 106315 b,0.38739,1.1004,1.1183,0.81475,0.017904,0.28562
HD 106315 c,0.63849,1.1818,1.4056,1.2411,0.22372,0.059225
SWEEPS-11 b,1.1026,3.4889,2.6903,2.0291,0.79862,1.4598
HD 110067 b,0.34242,0.75511,1.0719,0.73841,0.31676,0.016704
HD 110067 c,0.37803,0.79934,1.1145,0.79887,0.3152,0.00047073
HD 110067 d,0.45515,0.93044,1.1816,0.9298,0.25113,0.00064414
HD 110067 e,0.2878,0.59106,0.95539,0.64567,0.36433,0.054609
HD 110067 f,0.41514,0.70243,1.1314,0.86187,0.42898,0.15944
HD 110067 g,0.41614,0.92428,1.1322,0.86357,0.20797,0.060712
HD 110113 b,0.31175,0.65801,1.006,0.68634,0.34802,0.028328
HD 114082 b,1.0496,3.4053,2.5933,1.939,0.81194,1.4663
NGTS-14 A b,0.69695,1.466,1.4358,1.3403,0.03019,0.12566
MASCARA-4 b,1.2343,2.9936,2.5866,4.6359,0.40695,1.6424
MASCARA-1 b,1.2257,3.0704,2.5812,4.6262,0.48916,1.5558
HD 118203 b,1.0988,2.841,2.6932,2.0226,0.1478,0.81849
HD 135694 b,0.40347,0.78533,1.1235,0.84205,0.3382,0.056718
HD 136352 b,0.22115,0.67394,0.78026,0.53252,0.10632,0.14142
LP 791-18 c,0.38703,0.85126,1.1182,0.81415,0.26693,0.037109
Kepler-81 c,0.43136,0.63347,1.1482,0.88941,0.51468,0.25594
Kepler-87 c,0.78817,0.80618,1.5406,1.4952,0.73438,0.68901
Kepler-78 b,0.064458,0.90309,0.21863,0.21863,0.68446,0.68446
Kepler-79 e,0.4624,0.53148,1.1922,0.9421,0.66069,0.41062
Kepler-79 d,0.85491,0.77815,1.6707,1.6085,0.89254,0.83036
HD 149026 b,0.86514,2.0573,1.6946,1.6259,0.36265,0.43141
Kepler-79 c,0.5506,0.97772,1.3227,1.0918,0.34495,0.11412
Kepler-79 b,0.52349,1.0969,1.2852,1.0458,0.18831,0.051093
HD 152843 b,0.53275,1.063,1.2987,1.0616,0.2357,0.0014054
Kepler-77 b,1.0318,2.2199,2.5024,1.9089,0.28255,0.31097
Kepler-58 c,0.45637,1.7243,1.1833,0.93186,0.54093,0.79242
HD 183579 b,0.54283,1.3096,1.3125,1.0787,0.0028831,0.23098
HD 152843 c,0.76567,1.4393,1.5069,1.457,0.067548,0.01766
Kepler-76 b,1.1465,2.8032,2.5968,2.1035,0.20645,0.6997
Kepler-60 b,0.20412,0.5682,0.71921,0.5036,0.15101,0.064602
Kepler-58 b,0.42488,1.5428,1.1407,0.87841,0.40217,0.66442
Kepler-75 b,1.0708,3.5065,2.6669,1.975,0.83962,1.5315
Kepler-60 d,0.29885,0.61909,0.97843,0.66444,0.35933,0.045343
Kepler-62 b,0.11727,0.95424,0.40793,0.35615,0.54632,0.59809
Kepler-62 c,-0.26761,0.60206,-0.97156,-0.97156,1.5736,1.5736
Kepler-74 b,1.0318,2.3015,2.5023,1.9088,0.20076,0.39266
Kepler-68 c,0.0,0.85733,-0.012401,-0.012401,0.86973,0.86973
Kepler-62 d,0.29003,1.1461,0.96,0.64946,0.18613,0.49666
Kepler-68 b,0.37179,0.80322,1.1103,0.78826,0.30708,0.014963
Kepler-62 e,0.20683,1.5563,0.72891,0.50819,0.82739,1.0481
Kepler-62 f,0.14922,1.5441,0.52243,0.41039,1.0216,1.1337
Kepler-65 d,0.20058,0.617,0.70651,0.49758,0.089512,0.11942
Kepler-65 c,0.41664,1.4249,1.1327,0.86442,0.29221,0.56047
Kepler-65 b,0.15957,0.38021,0.55952,0.42796,0.17931,0.047747
Kepler-60 c,0.31154,0.58433,1.0056,0.68598,0.42124,0.10165
Kepler-57 c,0.19033,0.95904,0.66979,0.48019,0.28925,0.47885
Kepler-63 b,0.78604,2.0792,1.5372,1.4916,0.54202,0.5876
Kepler-56 b,0.81358,2.3733,1.5848,1.5383,0.7885,0.83494
HD 191939 c,0.50447,0.90309,1.2559,1.0135,0.35277,0.11044
Kepler-55 b,0.41162,1.6335,1.1287,0.85589,0.5048,0.77758
Kepler-55 c,0.37107,1.8439,1.1097,0.78704,0.73412,1.0568
HD 191939 b,0.53086,0.98227,1.296,1.0583,0.31368,0.076057
HD 189733 b,1.1065,2.5591,2.6858,2.0356,0.12673,0.52349
Kepler-54 b,0.26858,0.48996,0.91668,0.61304,0.42672,0.12308
Kepler-81 b,0.44716,1.2355,1.17,0.91623,0.065513,0.3193
Kepler-57 b,0.34044,2.0607,1.0682,0.73505,0.99251,1.3256
Kepler-54 c,0.12057,1.2967,0.41976,0.36176,0.8769,0.93491
Kepler-80 c,0.39915,0.54283,1.1215,0.83473,0.57868,0.2919
Kepler-80 g,0.021189,-1.1871,0.063546,0.063546,1.2506,1.2506
HD 137496 b,0.11727,0.60638,0.40793,0.35615,0.19846,0.25023
Kepler-80 e,0.12385,0.47276,0.43151,0.36732,0.041245,0.10544
Kepler-80 b,0.42651,0.84073,1.1424,0.88117,0.3017,0.04044
Kepler-80 d,0.11394,0.5682,0.396,0.3505,0.1722,0.2177
HD 191939 d,0.4764,0.44716,1.2129,0.96587,0.76579,0.51871
Kepler-139 c,0.38934,1.3665,1.1187,0.81807,0.24787,0.54846
COCONUTS-2 b,1.0949,3.3015,2.6946,2.0159,0.60698,1.2856
BD-14 3065 b,1.3343,3.5946,2.7067,4.7494,0.88794,1.1548
Kepler-139 b,0.37603,0.72328,1.1133,0.79547,0.39005,0.072182
Kepler-136 b,0.25527,1.2967,0.89088,0.59045,0.40578,0.70622
Kepler-138 c,0.22272,0.716,0.78587,0.53517,0.069862,0.18083
Kepler-131 c,-0.075721,0.91645,-0.2838,-0.2838,1.2003,1.2003
BD+60 1417 b,1.1668,3.6783,2.5722,4.5594,1.106,0.88112
Kepler-138 b,-0.14874,-0.30103,-0.54553,-0.54553,0.2445,0.2445
Kepler-203 d,0.08636,1.5302,0.29713,0.29713,1.2331,1.2331
Kepler-138 d,0.083503,-0.19382,0.28689,0.28689,0.48071,0.48071
Kepler-176 d,0.3927,1.1818,1.1194,0.82376,0.062487,0.35808
WASP-145 A b,1.0038,2.4516,2.3121,1.8613,0.13949,0.59028
Kepler-145 b,0.42325,1.5694,1.1389,0.87563,0.43044,0.69374
Kepler-197 c,0.089905,0.72428,0.30984,0.30969,0.41444,0.41459
Kepler-145 c,0.63548,1.8998,1.4037,1.236,0.49611,0.66385
Kepler-189 c,0.38021,1.356,1.1157,0.80257,0.24034,0.55346
Kepler-176 c,0.40824,1.3617,1.1263,0.85015,0.2354,0.51158
Kepler-184 c,0.29003,0.94448,0.96,0.64946,0.015518,0.29502
Kepler-183 c,0.3483,1.5527,1.082,0.7484,0.47064,0.80427
Kepler-161 b,0.28556,1.0828,0.95078,0.64186,0.132,0.44092
Kepler-161 c,0.27184,1.0719,0.92313,0.61858,0.14875,0.45331
Kepler-167 e,1.0069,2.5065,2.3338,1.8665,0.17267,0.63997
Kepler-170 b,0.48855,1.917,1.2313,0.9865,0.68566,0.93048
Kepler-177 c,0.94101,1.1673,1.9464,1.7547,0.7791,0.58738
Kepler-177 b,0.49136,0.73239,1.2356,0.99128,0.50322,0.25888
Kepler-139 d,0.22917,0.66821,0.809,0.54613,0.14079,0.12208
Kepler-101 b,0.76118,1.7084,1.5008,1.4494,0.20765,0.25906
Kepler-126 d,0.40449,1.7371,1.1241,0.84379,0.61303,0.89333
Kepler-129 c,0.4014,1.6335,1.1225,0.83854,0.51097,0.79493
Kepler-107 e,0.46285,1.1492,1.1928,0.94286,0.04361,0.20635
Kepler-107 d,-0.065502,0.57978,-0.24717,-0.24717,0.82696,0.82696
Kepler-107 c,0.2033,1.0,0.71629,0.50222,0.28371,0.49778
Kepler-107 b,0.18639,0.54531,0.65567,0.4735,0.11036,0.071808
Kepler-106 e,0.40824,1.0481,1.1263,0.85015,0.078278,0.1979
Kepler-106 d,-0.022276,0.90849,-0.092245,-0.092245,1.0007,1.0007
Kepler-106 c,0.39794,1.0187,1.121,0.83267,0.10232,0.18603
Kepler-106 b,-0.086186,0.72428,-0.32131,-0.32131,1.0456,1.0456
Kepler-100 b,0.12057,0.8657,0.41976,0.36176,0.44593,0.50394
Kepler-105 c,0.20412,0.5563,0.71921,0.5036,0.16291,0.052703
Kepler-109 b,0.36717,0.6584,1.1063,0.78042,0.4479,0.12202
Kepler-105 b,0.74194,0.70757,1.4769,1.4167,0.76935,0.70913
Kepler-104 c,0.37291,0.85396,1.1112,0.79017,0.25721,0.063787
Kepler-104 b,0.49554,1.2923,1.242,0.99838,0.050218,0.29388
Kepler-100 c,0.34242,0.84819,1.0719,0.73841,0.22369,0.10978
Kepler-103 c,0.7492,1.4835,1.4855,1.429,0.0019583,0.054492
Kepler-103 b,0.54233,0.99123,1.3118,1.0778,0.32062,0.086579
Kepler-102 f,-0.055517,0.716,-0.21139,-0.21139,0.92739,0.92739
Kepler-102 e,0.34635,0.95085,1.0788,0.74508,0.12794,0.20577
Kepler-102 d,0.071882,0.57978,0.24524,0.24524,0.33454,0.33454
Kepler-102 c,-0.24642,0.23045,-0.89562,-0.89562,1.1261,1.1261
Kepler-101 c,0.09691,0.57749,0.33495,0.32158,0.24255,0.25591
Kepler-104 d,0.42078,0.74353,1.1365,0.87144,0.39294,0.12792
Kepler-131 b,0.31471,0.83601,1.0125,0.69136,0.17646,0.14465
Kepler-109 c,0.4014,1.3385,1.1225,0.83854,0.21596,0.49992
WASP-180 A b,1.143,2.4564,2.6029,2.0976,0.14646,0.35883
WASP-160 B b,1.087,1.9462,2.6922,2.0025,0.74596,0.056296
Kepler-129 b,0.38021,1.301,1.1157,0.80257,0.18535,0.49846
Kepler-128 c,0.053078,1.5224,0.17784,0.17784,1.3446,1.3446
Kepler-128 b,0.15534,-0.11351,0.54436,0.42077,0.65787,0.53428
Kepler-100 d,0.18639,0.24873,0.65567,0.4735,0.40694,0.22477
Kepler-126 c,0.20629,0.10701,0.72698,0.50728,0.61996,0.40026
Kepler-126 b,0.19838,0.61461,0.69865,0.49386,0.084037,0.12075
Kepler-123 b,0.40654,1.7427,1.1253,0.84727,0.61746,0.89546
Kepler-122 f,0.24304,1.5563,0.8587,0.56967,0.6976,0.98663
Kepler-122 e,0.30535,1.4425,0.99224,0.67547,0.45024,0.76701
HIP 116454 b,0.40312,1.0726,1.1234,0.84146,0.050734,0.23116
Kepler-120 b,0.36361,0.92942,1.1027,0.77438,0.17327,0.15504
Kepler-117 b,0.90628,1.4753,1.8072,1.6957,0.33192,0.22042
WASP-173 A b,1.1287,3.0692,2.6337,2.0734,0.43551,0.99579
Kepler-114 d,0.40312,0.59106,1.1234,0.84146,0.53229,0.2504
Kepler-114 c,0.20412,0.44716,0.71921,0.5036,0.27205,0.056441
HD 93963 A b,0.13033,0.89209,0.45474,0.37833,0.43735,0.51377
HD 93963 A c,0.50893,1.2833,1.2628,1.0211,0.020463,0.26219
Kepler-114 b,0.0086002,0.83251,0.018424,0.018424,0.81409,0.81409
Kepler-113 c,0.33846,0.93952,1.0643,0.73167,0.12482,0.20784
Kepler-113 b,0.30125,0.87665,0.98349,0.6685,0.10684,0.20815
Kepler-111 c,0.85028,2.3473,1.6602,1.6007,0.68708,0.74664
Kepler-117 c,1.0914,2.767,2.6943,2.0099,0.072662,0.75706
Kepler-211 c,0.38917,1.2625,1.1186,0.81777,0.14382,0.44468
Kepler-279 c,0.74036,0.86923,1.4751,1.414,0.6059,0.5448
Kepler-219 d,0.39967,1.281,1.1217,0.83561,0.15931,0.44542
Kepler-412 b,1.177,2.4758,2.5671,4.5709,0.091362,2.0952
TOI-4145 A b,1.124,2.1357,2.646,2.0654,0.51036,0.070268
Kepler-413 b,0.63819,1.8261,1.4054,1.2406,0.42069,0.58552
Kepler-414 b,0.233,0.54407,0.82271,0.55262,0.27864,0.0085569
Kepler-414 c,0.47857,1.4757,1.2162,0.96955,0.25946,0.50612
Kepler-416 b,0.39445,1.7649,1.1198,0.82674,0.64509,0.93818
Kepler-417 b,0.36361,1.0414,1.1027,0.77438,0.061293,0.26701
Kepler-411 d,0.52101,1.1818,1.2815,1.0416,0.099668,0.14024
Kepler-418 b,1.1287,2.5436,2.6337,2.0734,0.090124,0.47016
Kepler-422 b,1.1103,2.1356,2.6798,2.042,0.5442,0.093616
Kepler-423 b,1.1258,2.2847,2.6411,2.0685,0.35648,0.21617
Kepler-424 b,0.99913,2.515,2.2798,1.8534,0.23522,0.66165
TOI-3984 A b,0.89763,1.6435,1.7795,1.681,0.13608,0.037578
TOI-3976 A b,1.089,1.7452,2.6934,2.0059,0.94819,0.26068
Kepler-425 b,1.0399,1.9001,2.5469,1.9226,0.64677,0.022469
Kepler-426 b,1.087,2.0298,2.6922,2.0025,0.66237,0.027289
Kepler-419 b,1.0334,2.9001,2.5116,1.9116,0.38851,0.98851
Kepler-411 c,0.64552,1.4216,1.4097,1.253,0.011952,0.1686
Kepler-411 b,0.38039,1.4082,1.1158,0.80287,0.29247,0.60537
Kepler-409 b,0.075547,1.3424,0.25838,0.25838,1.084,1.084
Kepler-349 b,0.26951,1.9754,0.91852,0.61462,1.0569,1.3608
Kepler-350 c,0.49136,0.78533,1.2356,0.99128,0.45029,0.20595
Kepler-350 d,0.35793,1.1703,1.096,0.76475,0.074267,0.40552
Kepler-351 b,0.48144,0.68124,1.2205,0.97444,0.5393,0.29319
Kepler-351 c,0.49969,1.0453,1.2484,1.0054,0.20311,0.039912
Kepler-359 c,0.68124,0.4624,1.4263,1.3137,0.96387,0.85125
Kepler-359 d,0.66276,0.43136,1.4181,1.2823,0.98671,0.85091
Kepler-363 c,0.38202,1.8222,1.1165,0.80563,0.70566,1.0165
Kepler-385 b,0.4456,1.1072,1.1678,0.91359,0.060574,0.19362
Kepler-385 c,0.49136,1.1206,1.2356,0.99128,0.11504,0.1293
Kepler-396 b,0.54407,1.8779,1.3142,1.0808,0.56378,0.79719
Kepler-396 c,0.72428,1.2529,1.4583,1.3867,0.20547,0.13386
TOI-4463 A b,1.1226,2.402,2.65,2.0629,0.24803,0.33911
Kepler-406 b,0.16167,0.72689,0.56705,0.43152,0.15984,0.29537
Kepler-406 c,-0.070581,0.43297,-0.26538,-0.26538,0.69835,0.69835
Kepler-407 b,0.064832,0.22247,0.21997,0.21997,0.0024975,0.0024975
Kepler-215 d,0.36922,1.3729,1.1082,0.7839,0.26474,0.58901
Kepler-427 b,1.1395,1.9676,2.6096,2.0916,0.64206,0.12406
Kepler-345 c,0.11394,0.34242,0.396,0.3505,0.053575,0.0080754
Kepler-428 b,1.0831,2.606,2.6887,1.996,0.082679,0.60998
Kepler-433 b,1.2109,2.9524,2.5738,4.6094,0.3786,1.6569
Kepler-549 b,0.49136,1.0414,1.2356,0.99128,0.19423,0.050116
Kepler-553 b,0.67591,2.0645,1.4236,1.3046,0.64088,0.75989
Kepler-553 c,1.0637,3.3283,2.6472,1.9629,0.68112,1.3653
Kepler-595 b,0.56914,1.2405,1.3451,1.1233,0.10452,0.11722
Kepler-595 c,0.0038912,0.51851,0.0015454,0.0015454,0.51697,0.51697
Kepler-643 b,1.1065,2.5065,2.6858,2.0356,0.17932,0.47091
TOI-2193 A b,1.2975,2.4753,2.6503,4.7078,0.17495,2.2324
Kepler-539 b,0.92289,2.489,1.8682,1.7239,0.6208,0.76505
TOI-2152 A b,1.1571,2.954,2.5816,4.5484,0.37241,1.5944
TOI-1937 A b,1.1454,2.8054,2.5985,2.1018,0.20684,0.70364
LTT 1445 A b,0.11561,0.45788,0.40197,0.35333,0.055909,0.10455
LTT 1445 A c,0.059563,0.18752,0.20109,0.20109,0.013567,0.013567
Lupus-TR-3 b,0.99896,2.4107,2.2786,1.8531,0.13206,0.55759
OGLE-TR-10 b,1.1465,2.2946,2.5968,2.1035,0.30222,0.19105
OGLE-TR-56 b,1.1841,2.6452,2.5664,4.579,0.078785,1.9338
TOI-1259 A b,1.059,2.1466,2.6314,1.955,0.48478,0.19159
Kepler-849 b,0.9075,2.4753,1.8114,1.6978,0.66397,0.77753
Kepler-538 b,0.33385,1.0195,1.0549,0.72385,0.035359,0.29567
TOI-2583 A b,1.1602,1.9001,2.5782,4.5518,0.67805,2.6517
TOI-2587 A b,1.0818,1.8406,2.687,1.9937,0.84639,0.15304
Kepler-434 b,1.1028,2.9585,2.6902,2.0293,0.26835,0.92921
Kepler-435 b,1.3485,2.4265,2.7324,4.7656,0.30595,2.3391
Kepler-444 d,-0.30103,-0.69897,-1.0914,-1.0914,0.39239,0.39239
TOI-3688 A b,1.1166,2.4934,2.6662,2.0529,0.1728,0.44055
Kepler-444 e,-0.30103,-1.0,-1.0914,-1.0914,0.091362,0.091362
Kepler-447 b,1.2669,2.6389,2.6142,4.673,0.024721,2.0341
TOI-3540 A b,1.3718,2.5741,2.7791,4.792,0.20504,2.218
Kepler-450 b,0.78415,1.2878,1.5342,1.4884,0.24636,0.20056
Kepler-450 c,0.41427,1.0969,1.1307,0.86039,0.033793,0.23652
TOI-3331 A b,1.1133,2.8582,2.6739,2.0472,0.18428,0.81106
Kepler-450 d,-0.026503,1.2455,-0.10739,-0.10739,1.3529,1.3529
Kepler-453 b,0.79267,1.2041,1.5479,1.5028,0.3438,0.29872
Kepler-454 b,0.37475,0.73239,1.1125,0.79329,0.38009,0.060897
Kepler-462 b,0.47712,1.7316,1.214,0.9671,0.51755,0.76449
Kepler-462 c,0.60206,0.77815,1.3784,1.1792,0.60021,0.40107
TOI-2803 A b,1.258,2.4912,2.6055,4.6629,0.11432,2.1717
Kepler-507 b,0.10857,0.75564,0.37672,0.34137,0.37892,0.41427
Kepler-432 b,1.0988,3.1897,2.6932,2.0226,0.49646,1.1672
Kepler-345 b,-0.09691,-0.30103,-0.35975,-0.35975,0.058719,0.058719
Kepler-408 b,-0.086186,0.69897,-0.32131,-0.32131,1.0203,1.0203
Kepler-339 c,0.064458,0.86332,0.21863,0.21863,0.64469,0.64469
Kepler-277 b,0.46538,1.941,1.1966,0.94717,0.74445,0.99384
Kepler-276 d,0.43775,1.2648,1.1566,0.90026,0.10823,0.36456
Kepler-276 c,0.45179,1.4014,1.1767,0.92409,0.22471,0.47731
Kepler-272 c,0.21219,1.9903,0.74813,0.5173,1.2422,1.473
Kepler-267 b,0.32428,1.5786,1.0336,0.70761,0.54505,0.87103
Kepler-254 c,0.32015,0.50515,1.0244,0.70059,0.51926,0.19544
Kepler-245 d,0.51983,1.3345,1.2797,1.0396,0.054721,0.29485
Kepler-245 c,0.37658,2.3533,1.1137,0.7964,1.2397,1.5569
Kepler-244 d,0.36549,1.1818,1.1046,0.77757,0.077198,0.40427
Kepler-240 c,0.35793,2.0099,1.096,0.76475,0.91388,1.2451
Kepler-238 f,0.30103,1.1303,0.98303,0.66813,0.1473,0.4622
Kepler-238 e,0.74819,2.2297,1.4843,1.4273,0.74543,0.80237
Kepler-339 d,0.071882,1.1673,0.24524,0.24524,0.92208,0.92208
Kepler-277 c,0.52634,1.5977,1.2894,1.0507,0.30827,0.54703
Kepler-231 b,0.34242,1.549,1.0719,0.73841,0.47713,0.81059
Kepler-226 b,0.19312,1.3802,0.6798,0.48493,0.70041,0.89528
TRAPPIST-1 b,0.03583,-0.070581,0.11602,0.11602,0.1866,0.1866
TRAPPIST-1 c,0.023664,0.13988,0.072415,0.072415,0.067464,0.067464
TRAPPIST-1 d,-0.11238,-0.38722,-0.41521,-0.41521,0.027991,0.027991
TRAPPIST-1 e,-0.036212,-0.15989,-0.14219,-0.14219,0.0177,0.0177
TRAPPIST-1 f,0.019116,-0.16749,0.056116,0.056116,0.22361,0.22361
TRAPPIST-1 g,0.051924,0.1271,0.17371,0.17371,0.046601,0.046601
TRAPPIST-1 h,-0.11182,-0.48017,-0.41319,-0.41319,0.06698,0.06698
Kepler-223 e,0.66276,0.68124,1.4181,1.2823,0.73683,0.60103
Kepler-223 d,0.57978,0.77085,1.3567,1.1414,0.58589,0.37055
Kepler-223 c,0.53656,0.70757,1.304,1.068,0.59641,0.36044
Kepler-223 b,0.47567,0.86923,1.2119,0.96464,0.34263,0.095405
Kepler-221 c,0.42813,1.179,1.1443,0.88393,0.034696,0.29505
Kepler-226 c,0.35984,1.6551,1.0984,0.76797,0.55678,0.88717
TOI-1450 A b,0.053078,0.099681,0.17784,0.17784,0.078163,0.078163
Kepler-231 c,0.32838,1.382,1.0428,0.71457,0.33926,0.66745
Kepler-282 d,0.39094,1.7853,1.119,0.82077,0.66637,0.96456
Kepler-307 c,0.43136,0.59106,1.1482,0.88941,0.55709,0.29835
TOI-5688 A b,1.0128,2.0934,2.3767,1.8766,0.28332,0.21679
Kepler-310 d,0.32222,0.8451,1.029,0.70411,0.1839,0.14099
TOI-5634 A b,1.0179,2.7694,2.4129,1.8852,0.35653,0.8842
Kepler-317 b,0.31806,2.0406,1.0198,0.69705,1.0208,1.3436
Kepler-323 c,0.27875,1.9015,0.93696,0.63031,0.9645,1.2711
Kepler-326 b,0.48144,1.6493,1.2205,0.97444,0.4288,0.6749
Kepler-307 b,0.47857,0.94498,1.2162,0.96955,0.27123,0.024577
Kepler-326 c,0.4456,1.2405,1.1678,0.91359,0.072765,0.32696
Kepler-327 c,0.071882,1.3075,0.24524,0.24524,1.0623,1.0623
Kepler-328 b,0.36173,1.4548,1.1006,0.77118,0.35425,0.68366
Kepler-279 d,0.49136,1.574,1.2356,0.99128,0.33841,0.58276
TOI-5293 A b,1.0755,2.2315,2.6772,1.9831,0.44569,0.24837
Kepler-333 b,0.20683,1.4502,0.72891,0.50819,0.72134,0.94206
Kepler-338 b,0.38561,1.4857,1.1178,0.81173,0.36792,0.674
Kepler-338 e,0.19312,0.92942,0.6798,0.48493,0.24962,0.44449
Kepler-326 d,0.38202,0.83885,1.1165,0.80563,0.27766,0.033217
Kepler-305 d,0.44091,0.79239,1.1611,0.90562,0.36868,0.11323
Kepler-328 c,0.73239,1.5955,1.4665,1.4005,0.12902,0.195
TOI-6383 A b,1.0527,2.5198,2.6067,1.9443,0.086916,0.57553
Kepler-297 b,0.51055,1.6857,1.2654,1.0238,0.42038,0.6619
Kepler-297 c,0.86864,1.6243,1.7031,1.6318,0.078787,0.0075421
Kepler-305 c,0.52504,0.65321,1.2875,1.0485,0.63431,0.39525
Kepler-305 b,0.5563,1.0212,1.3298,1.1015,0.30866,0.080343
TOI-6038 A b,0.80686,1.8949,1.5724,1.5269,0.32242,0.36795
Kepler-282 e,0.49136,1.7497,1.2356,0.99128,0.51412,0.75846
Kepler-289 c,1.0504,2.1964,2.5969,1.9404,0.40051,0.25602
Kepler-289 d,0.48144,0.72673,1.2205,0.97444,0.49381,0.24771
Kepler-289 b,0.33244,0.86332,1.0518,0.72146,0.18851,0.14187
Kepler-1705 b,0.3075,0.65031,0.99684,0.67911,0.34653,0.028803
OGLE-TR-111 b,1.0543,2.2426,2.6134,1.9471,0.37083,0.2955
OGLE-TR-182 b,1.2169,2.5275,2.5766,4.6162,0.049061,2.0887
OGLE-TR-132 b,1.1214,2.5591,2.6531,2.061,0.094031,0.49807
OGLE-TR-211 b,1.1506,2.3773,2.5902,2.1106,0.21297,0.26669
Kepler-1704 b,1.0773,3.1213,2.6804,1.9861,0.4409,1.1352
WD 1856+534 b,1.017,3.6421,2.407,1.8838,1.2351,1.7583
TIC 4672985 b,1.0607,3.6074,2.6374,1.9579,0.96995,1.6494
OGLE-TR-113 b,1.0882,2.6025,2.693,2.0045,0.090426,0.59801
Kepler-1513 b,0.9342,1.684,1.9155,1.7431,0.23151,0.05908
OGLE2-TR-L9 b,1.2575,3.1397,2.605,4.6623,0.53466,1.5226
Kepler-1656 b,0.7007,1.6866,1.4384,1.3467,0.2482,0.33994
Kepler-1972 c,-0.06148,0.32428,-0.23276,-0.23276,0.55704,0.55704
Kepler-1972 b,-0.095826,0.30535,-0.35586,-0.35586,0.66121,0.66121
Kepler-1876 b,-0.069051,0.38021,-0.2599,-0.2599,0.64011,0.64011
Kepler-1647 b,1.0746,2.6839,2.6753,1.9815,0.0086508,0.70246
Kepler-1654 b,0.96285,2.2012,2.0569,1.7918,0.14424,0.4094
Kepler-1655 b,0.34498,0.73239,1.0764,0.74275,0.34405,0.010359
HD 202772 A b,1.2385,2.5095,2.5895,4.6407,0.080027,2.1312
Kepler-1705 c,0.31175,0.734,1.006,0.68634,0.27204,0.04766
Kepler-1658 b,1.079,3.2716,2.6831,1.9889,0.58851,1.2827
Kepler-1661 b,0.58771,1.2304,1.3649,1.1549,0.13442,0.075592
Kepler-1710 b,0.4128,0.54344,1.1295,0.85789,0.58611,0.31445
Kepler-1708 b,0.99826,3.165,2.2739,1.8519,0.89109,1.3131
Kepler-1514 b,1.0941,3.2248,2.6946,2.0146,0.5302,1.2102
TIC 46432937 b,1.1244,3.0073,2.645,2.066,0.36231,0.94133
TIC 241249530 b,1.1237,3.1994,2.647,2.0648,0.55241,1.1346
TIC 393818343 b,1.0858,3.1397,2.6913,2.0005,0.44842,1.1392
TIC 365102760 b,0.79309,1.2833,1.5486,1.5036,0.26532,0.22025
Wendelstein-1 b,1.063,2.2745,2.645,1.9618,0.3705,0.31273
TIC 257060897 b,1.2228,2.3283,2.5796,4.6229,0.25133,2.2946
Wendelstein-2 b,1.1137,2.3661,2.673,2.0479,0.30687,0.31819
TIC 237913194 b,1.0976,2.7904,2.6938,2.0206,0.096636,0.76987
TIC 172900988 b,1.0512,2.9741,2.6002,1.9417,0.37381,1.0324
TIC 139270665 b,0.85913,2.1678,1.6804,1.6157,0.48735,0.55211
TIC 279401253 b,1.0496,3.2904,2.5933,1.939,0.69702,1.3514
ZTF J1828+2308 b,1.0465,3.8032,2.5795,1.9338,1.2237,1.8694
ZTF J1230-2655 b,1.1395,3.8466,2.6096,2.0916,1.2369,1.755
CFHTWIR-Oph 98 b,1.3191,3.3943,2.6816,4.7322,0.71266,1.3379
EPIC 201595106 b,0.19451,0.8848,0.68478,0.48729,0.20001,0.3975
EPIC 211945201 b,0.78675,1.4314,1.5383,1.4928,0.10693,0.061423
TYC 8998-760-1 c,1.091,3.2803,2.6942,2.0093,0.58612,1.2711
EPIC 249893012 b,0.29003,0.94201,0.96,0.64946,0.017993,0.29254
EPIC 220674823 c,0.44248,0.75587,1.1633,0.90828,0.40744,0.15241
EPIC 229004835 b,0.36773,1.017,1.1068,0.78137,0.089789,0.23566
EPIC 246851721 b,1.0712,2.9793,2.6678,1.9757,0.3115,1.0036
EPIC 248847494 b,1.0949,3.6161,2.6946,2.0159,0.92158,1.6002
EPIC 249893012 c,0.56467,1.1664,1.3399,1.1157,0.17348,0.050698
EPIC 249893012 d,0.5955,1.0077,1.3724,1.1681,0.36464,0.16033
EPIC 220674823 b,0.26007,0.95424,0.90009,0.59859,0.054151,0.35565
GSC 06214-00210 b,1.3048,3.6783,2.6603,4.716,1.0179,1.0378
CoRoTID 223977153 b,0.80544,1.6783,1.5699,1.5245,0.10838,0.15377
1RXS J160929.1-210524 b,1.2706,3.4053,2.618,4.6772,0.78736,1.2718
VHS J125601.92-125723.9 b,1.1635,3.5814,2.5749,4.5556,1.0064,0.97426
2MASS J02192210-3925225 b,1.2079,3.6452,2.5726,4.606,1.0726,0.96084
WISEP J121756.91+162640.2 A b,1.0199,3.8446,2.4266,1.8886,1.418,1.956
